category;type;rank;number;acronym;name;publisher;url;source_page;catalog_year
Computer Architecture / Parallel and Distributed Computing / Storage Systems;Journal;A;1;TOCS;ACM Transactions on Computer Systems;ACM;http://dblp.uni-trier.de/db/journals/tocs/;2;2026
Computer Architecture / Parallel and Distributed Computing / Storage Systems;Journal;A;2;TOS;ACM Transactions on Storage;ACM;http://dblp.uni-trier.de/db/journals/tos/;2;2026
Computer Architecture / Parallel and Distributed Computing / Storage Systems;Journal;A;3;TCAD;IEEE Transactions on Computer-Aided Design of Integrated Circuits and Systems;IEEE;http://dblp.uni-trier.de/db/journals/tcad/;2;2026
Computer Architecture / Parallel and Distributed Computing / Storage Systems;Journal;A;4;TC;IEEE Transactions on Computers;IEEE;http://dblp.uni-trier.de/db/journals/tc/index.html;2;2026
Computer Architecture / Parallel and Distributed Computing / Storage Systems;Journal;A;5;TPDS;IEEE Transactions on Parallel and Distributed Systems;IEEE;http://dblp.uni-trier.de/db/journals/tpds/;2;2026
Computer Architecture / Parallel and Distributed Computing / Storage Systems;Journal;A;6;TACO;ACM Transactions on Architecture and Code Optimization;ACM;http://dblp.uni-trier.de/db/journals/taco/;2;2026
Computer Architecture / Parallel and Distributed Computing / Storage Systems;Journal;B;1;TAAS;ACM Transactions on Autonomous and Adaptive Systems;ACM;http://dblp.uni-trier.de/db/journals/taas/;3;2026
Computer Architecture / Parallel and Distributed Computing / Storage Systems;Journal;B;2;TODAES;ACM Transactions on Design Automation of Electronic Systems;ACM;http://dblp.uni-trier.de/db/journals/todaes/;3;2026
Computer Architecture / Parallel and Distributed Computing / Storage Systems;Journal;B;3;TECS;ACM Transactions on Embedded Computing Systems;ACM;http://dblp.uni-trier.de/db/journals/tecs/;3;2026
Computer Architecture / Parallel and Distributed Computing / Storage Systems;Journal;B;4;TRETS;ACM Transactions on Reconfigurable Technology and Systems;ACM;http://dblp.uni-trier.de/db/journals/trets/;3;2026
Computer Architecture / Parallel and Distributed Computing / Storage Systems;Journal;B;5;TVLSI;IEEE Transactions on Very Large Scale Integration (VLSI) Systems;IEEE;http://dblp.uni-trier.de/db/journals/tvlsi/;3;2026
Computer Architecture / Parallel and Distributed Computing / Storage Systems;Journal;B;6;JPDC;Journal of Parallel and Distributed Computing;Elsevier;http://dblp.uni-trier.de/db/journals/jpdc/;3;2026
Computer Architecture / Parallel and Distributed Computing / Storage Systems;Journal;B;7;JSA;Journal of Systems Architecture: Embedded Software Design;Elsevier;http://dblp.uni-trier.de/db/journals/jsa/;3;2026
Computer Architecture / Parallel and Distributed Computing / Storage Systems;Journal;B;8;;Parallel Computing;Elsevier;https://dblp.org/db/journals/pc/index.html;3;2026
Computer Architecture / Parallel and Distributed Computing / Storage Systems;Journal;B;9;;Performance Evaluation: An International Journal;Elsevier;https://dblp.org/db/journals/pe/index.html;3;2026
Computer Architecture / Parallel and Distributed Computing / Storage Systems;Journal;B;10;TCC;IEEE Transactions on Cloud Computing;IEEE;https://dblp.uni-trier.de/db/journals/tcc/;3;2026
Computer Architecture / Parallel and Distributed Computing / Storage Systems;Journal;C;1;JETC;ACM Journal on Emerging Technologies in Computing Systems;ACM;http://dblp.uni-trier.de/db/journals/jetc/;4;2026
Computer Architecture / Parallel and Distributed Computing / Storage Systems;Journal;C;2;;Concurrency and Computation: Practice and Experience;Wiley;http://dblp.uni-trier.de/db/journals/concurrency/;4;2026
Computer Architecture / Parallel and Distributed Computing / Storage Systems;Journal;C;3;DC;Distributed Computing;Springer;http://dblp.uni-trier.de/db/journals/dc/;4;2026
Computer Architecture / Parallel and Distributed Computing / Storage Systems;Journal;C;4;FGCS;Future Generation Computer Systems;Elsevier;http://dblp.uni-trier.de/db/journals/fgcs;4;2026
Computer Architecture / Parallel and Distributed Computing / Storage Systems;Journal;C;5;Integration;Integration, the VLSI Journal;Elsevier;http://dblp.uni-trier.de/db/journals/integration;4;2026
Computer Architecture / Parallel and Distributed Computing / Storage Systems;Journal;C;6;JETTA;Journal of Electronic Testing-Theory and Applications;Springer;https://dblp.org/db/journals/et/index.html;4;2026
Computer Architecture / Parallel and Distributed Computing / Storage Systems;Journal;C;7;JGC;Journal of Grid computing;Springer;https://dblp.uni-trier.de/db/journals/grid/;4;2026
Computer Architecture / Parallel and Distributed Computing / Storage Systems;Journal;C;8;RTS;Real-Time Systems;Springer;http://dblp.uni-trier.de/db/journals/rts/;4;2026
Computer Architecture / Parallel and Distributed Computing / Storage Systems;Journal;C;9;TJSC;The Journal of Supercomputing;Springer;http://dblp.uni-trier.de/db/journals/tjs/;4;2026
Computer Architecture / Parallel and Distributed Computing / Storage Systems;Journal;C;10;TCASI;IEEE Transactions on Circuits and Systems I: Regular Papers;IEEE;https://dblp.org/db/journals/tcasI/index.html;4;2026
Computer Architecture / Parallel and Distributed Computing / Storage Systems;Journal;C;11;CCF-THPC;CCF Transactions on High Performance Computing;CCF;https://dblp.org/db/journals/ccfthpc/index.html;4;2026
Computer Architecture / Parallel and Distributed Computing / Storage Systems;Journal;C;12;TSUSC;IEEE Transactions on Sustainable Computing;IEEE;https://dblp.org/db/journals/tsusc/index.html;4;2026
Computer Architecture / Parallel and Distributed Computing / Storage Systems;Conference;A;1;PPoPP;ACM SIGPLAN Symposium on Principles & Practice of Parallel Programming;ACM;http://dblp.uni-trier.de/db/conf/ppopp/;5;2026
Computer Architecture / Parallel and Distributed Computing / Storage Systems;Conference;A;2;FAST;USENIX Conference on File and Storage Technologies;USENIX;http://dblp.uni-trier.de/db/conf/fast/;5;2026
Computer Architecture / Parallel and Distributed Computing / Storage Systems;Conference;A;3;DAC;Design Automation Conference;ACM;https://dblp.uni-trier.de/db/conf/dac/;5;2026
Computer Architecture / Parallel and Distributed Computing / Storage Systems;Conference;A;4;HPCA;IEEE International Symposium on High Performance Computer Architecture;IEEE;http://dblp.uni-trier.de/db/conf/hpca/;5;2026
Computer Architecture / Parallel and Distributed Computing / Storage Systems;Conference;A;5;MICRO;IEEE/ACM International Symposium on Microarchitecture;IEEE/ACM;https://dblp.uni-trier.de/db/conf/micro/index.html;5;2026
Computer Architecture / Parallel and Distributed Computing / Storage Systems;Conference;A;6;SC;International Conference for High Performance Computing, Networking, Storage, and Analysis;IEEE;http://dblp.uni-trier.de/db/conf/sc/;5;2026
Computer Architecture / Parallel and Distributed Computing / Storage Systems;Conference;A;7;ASPLOS;International Conference on Architectural Support for Programming Languages and Operating Systems;ACM;http://dblp.uni-trier.de/db/conf/asplos/;5;2026
Computer Architecture / Parallel and Distributed Computing / Storage Systems;Conference;A;8;ISCA;International Symposium on Computer Architecture;IEEE/ACM;http://dblp.uni-trier.de/db/conf/isca/;5;2026
Computer Architecture / Parallel and Distributed Computing / Storage Systems;Conference;A;9;ACM SIGOPS ATC (formerly USENIX ATC);ACM SIGOPS Annual Technical Conference;ACM;http://dblp.uni-trier.de/db/conf/usenix/index.html;5;2026
Computer Architecture / Parallel and Distributed Computing / Storage Systems;Conference;A;10;EuroSys;European Conference on Computer Systems;ACM;http://dblp.uni-trier.de/db/conf/eurosys/;5;2026
Computer Architecture / Parallel and Distributed Computing / Storage Systems;Conference;A;11;HPDC;The International ACM Symposium on High-Performance Parallel and Distributed Computing;IEEE;http://dblp.uni-trier.de/db/conf/hpdc/;5;2026
Computer Architecture / Parallel and Distributed Computing / Storage Systems;Conference;B;1;SoCC;ACM Symposium on Cloud Computing;ACM;http://dblp.uni-trier.de/db/conf/cloud/;6;2026
Computer Architecture / Parallel and Distributed Computing / Storage Systems;Conference;B;2;SPAA;ACM Symposium on Parallelism in Algorithms and Architectures;ACM;http://dblp.uni-trier.de/db/conf/spaa/;6;2026
Computer Architecture / Parallel and Distributed Computing / Storage Systems;Conference;B;3;PODC;ACM Symposium on Principles of Distributed Computing;ACM;http://dblp.uni-trier.de/db/conf/podc/;6;2026
Computer Architecture / Parallel and Distributed Computing / Storage Systems;Conference;B;4;FPGA;ACM/SIGDA International Symposium on Field-Programmable Gate Arrays;ACM;http://dblp.uni-trier.de/db/conf/fpga/;6;2026
Computer Architecture / Parallel and Distributed Computing / Storage Systems;Conference;B;5;CGO;The International Symposium on Code Generation and Optimization;IEEE/ACM;http://dblp.uni-trier.de/db/conf/cgo/;6;2026
Computer Architecture / Parallel and Distributed Computing / Storage Systems;Conference;B;6;DATE;Design, Automation & Test in Europe;IEEE/ACM;http://dblp.uni-trier.de/db/conf/date/;6;2026
Computer Architecture / Parallel and Distributed Computing / Storage Systems;Conference;B;7;HOT CHIPS;Hot Chips: A Symposium on High Performance Chips;IEEE;https://dblp.org/db/conf/hotchips/index.html;6;2026
Computer Architecture / Parallel and Distributed Computing / Storage Systems;Conference;B;8;CLUSTER;IEEE International Conference on Cluster Computing;IEEE;https://dblp.uni-trier.de/db/conf/cluster/;6;2026
Computer Architecture / Parallel and Distributed Computing / Storage Systems;Conference;B;9;ICCD;International Conference on Computer Design;IEEE;http://dblp.uni-trier.de/db/conf/iccd/;6;2026
Computer Architecture / Parallel and Distributed Computing / Storage Systems;Conference;B;10;ICCAD;International Conference on Computer-Aided Design;IEEE/ACM;http://dblp.uni-trier.de/db/conf/iccad/;6;2026
Computer Architecture / Parallel and Distributed Computing / Storage Systems;Conference;B;11;ICDCS;IEEE International Conference on Distributed Computing Systems;IEEE;http://dblp.uni-trier.de/db/conf/icdcs/;6;2026
Computer Architecture / Parallel and Distributed Computing / Storage Systems;Conference;B;12;CODES+ISSS;International Conference on Hardware/Software Co-design and System Synthesis;IEEE/ACM;https://dblp.uni-trier.de/db/conf/codesisss/index.html;6;2026
Computer Architecture / Parallel and Distributed Computing / Storage Systems;Conference;B;13;HiPEAC;International Conference on High Performance and Embedded Architectures and Compilers;ACM;http://dblp.uni-trier.de/db/conf/hipeac/;6;2026
Computer Architecture / Parallel and Distributed Computing / Storage Systems;Conference;B;14;SIGMETRICS;International Conference on Measurement and Modeling of Computer Systems;ACM;http://dblp.uni-trier.de/db/conf/sigmetrics/;7;2026
Computer Architecture / Parallel and Distributed Computing / Storage Systems;Conference;B;15;PACT;International Conference on Parallel Architectures and Compilation Techniques;IEEE/ACM;http://dblp.uni-trier.de/db/conf/IEEEpact/;7;2026
Computer Architecture / Parallel and Distributed Computing / Storage Systems;Conference;B;16;ICPP;International Conference on Parallel Processing;ACM;http://dblp.uni-trier.de/db/conf/icpp/;7;2026
Computer Architecture / Parallel and Distributed Computing / Storage Systems;Conference;B;17;ICS;International Conference on Supercomputing;ACM;http://dblp.uni-trier.de/db/conf/ics/;7;2026
Computer Architecture / Parallel and Distributed Computing / Storage Systems;Conference;B;18;VEE;International Conference on Virtual Execution Environments;ACM;http://dblp.uni-trier.de/db/conf/vee/;7;2026
Computer Architecture / Parallel and Distributed Computing / Storage Systems;Conference;B;19;IPDPS;IEEE International Parallel & Distributed Processing Symposium;IEEE;http://dblp.uni-trier.de/db/conf/ipps/;7;2026
Computer Architecture / Parallel and Distributed Computing / Storage Systems;Conference;B;20;Performance;International Symposium on Computer Performance, Modeling, Measurements and Evaluation;ACM;http://dblp.uni-trier.de/db/conf/performance/;7;2026
Computer Architecture / Parallel and Distributed Computing / Storage Systems;Conference;B;21;ITC;International Test Conference;IEEE;http://dblp.uni-trier.de/db/conf/itc/;7;2026
Computer Architecture / Parallel and Distributed Computing / Storage Systems;Conference;B;22;LISA;Large Installation System Administration Conference;USENIX;http://dblp.uni-trier.de/db/conf/lisa/;7;2026
Computer Architecture / Parallel and Distributed Computing / Storage Systems;Conference;B;23;MSST;Mass Storage Systems and Technologies;IEEE;http://dblp.uni-trier.de/db/conf/mss/;7;2026
Computer Architecture / Parallel and Distributed Computing / Storage Systems;Conference;B;24;RTAS;IEEE Real-Time and Embedded Technology and Applications Symposium;IEEE;http://dblp.uni-trier.de/db/conf/rtas/;7;2026
Computer Architecture / Parallel and Distributed Computing / Storage Systems;Conference;B;25;Euro-Par;European Conference on Parallel and Distributed Computing Springer;Springer;http://dblp.uni-trier.de/db/conf/europar/;7;2026
Computer Architecture / Parallel and Distributed Computing / Storage Systems;Conference;B;26;ISCAS;IEEE International Symposium on Circuits and Systems;IEEE;http://dblp.uni-trier.de/db/conf/iscas/;7;2026
Computer Architecture / Parallel and Distributed Computing / Storage Systems;Conference;C;1;CF;ACM International Conference on Computing Frontiers;ACM;http://dblp.uni-trier.de/db/conf/cf;8;2026
Computer Architecture / Parallel and Distributed Computing / Storage Systems;Conference;C;2;SYSTOR;ACM International Systems and Storage Conference;ACM;http://dblp.uni-trier.de/db/conf/systor/index.html;8;2026
Computer Architecture / Parallel and Distributed Computing / Storage Systems;Conference;C;3;NOCS;ACM/IEEE International Symposium on Networks-on-Chip;IEEE/ACM;http://dblp.uni-trier.de/db/conf/nocs;8;2026
Computer Architecture / Parallel and Distributed Computing / Storage Systems;Conference;C;4;ASAP;IEEE International Conference on Application-Specific Systems, Architectures, and Processors;IEEE;http://dblp.uni-trier.de/db/conf/asap;8;2026
Computer Architecture / Parallel and Distributed Computing / Storage Systems;Conference;C;5;ASP-DAC;Asia and South Pacific Design Automation Conference;IEEE/ACM;http://dblp.uni-trier.de/db/conf/aspdac;8;2026
Computer Architecture / Parallel and Distributed Computing / Storage Systems;Conference;C;6;ETS;IEEE European Test Symposium;IEEE;http://dblp.uni-trier.de/db/conf/ets/;8;2026
Computer Architecture / Parallel and Distributed Computing / Storage Systems;Conference;C;7;FPL;International Conference on Field-Programmable Logic and Applications;IEEE;http://dblp.uni-trier.de/db/conf/fpl/;8;2026
Computer Architecture / Parallel and Distributed Computing / Storage Systems;Conference;C;8;FCCM;IEEE Symposium on Field-Programmable Custom Computing Machines;IEEE;http://dblp.uni-trier.de/db/conf/fccm/;8;2026
Computer Architecture / Parallel and Distributed Computing / Storage Systems;Conference;C;9;GLSVLSI;Great Lakes Symposium on VLSI;IEEE/ACM;http://dblp.uni-trier.de/db/conf/glvlsi/;8;2026
Computer Architecture / Parallel and Distributed Computing / Storage Systems;Conference;C;10;ATS;IEEE Asian Test Symposium;IEEE;http://dblp.uni-trier.de/db/conf/ats/;8;2026
Computer Architecture / Parallel and Distributed Computing / Storage Systems;Conference;C;11;HPCC;IEEE International Conference on High Performance Computing and Communications;IEEE;http://dblp.uni-trier.de/db/conf/hpcc/;8;2026
Computer Architecture / Parallel and Distributed Computing / Storage Systems;Conference;C;12;HiPC;IEEE International Conference on High Performance Computing, Data and Analytics;IEEE/ACM;http://dblp.uni-trier.de/db/conf/hipc/index.html;8;2026
Computer Architecture / Parallel and Distributed Computing / Storage Systems;Conference;C;13;MASCOTS;International Symposium on Modeling, Analysis, and Simulation of Computer and Telecommunication Systems;IEEE;http://dblp.uni-trier.de/db/conf/mascots/;8;2026
Computer Architecture / Parallel and Distributed Computing / Storage Systems;Conference;C;14;ISPA;IEEE International Symposium on Parallel and Distributed Processing with Applications;IEEE;http://dblp.uni-trier.de/db/conf/ispa/;9;2026
Computer Architecture / Parallel and Distributed Computing / Storage Systems;Conference;C;15;CCGRID;IEEE/ACM International Symposium on Cluster, Cloud and Grid Computing;IEEE/ACM;http://dblp.uni-trier.de/db/conf/ccgrid/;9;2026
Computer Architecture / Parallel and Distributed Computing / Storage Systems;Conference;C;16;NPC;IFIP International Conference on Network and Parallel Computing;Springer;http://dblp.uni-trier.de/db/conf/npc/;9;2026
Computer Architecture / Parallel and Distributed Computing / Storage Systems;Conference;C;17;ICA3PP;International Conference on Algorithms and Architectures for Parallel Processing;IEEE;http://dblp.uni-trier.de/db/conf/ica3pp/;9;2026
Computer Architecture / Parallel and Distributed Computing / Storage Systems;Conference;C;18;CASES;International Conference on Compilers, Architectures, and Synthesis for Embedded Systems;ACM;http://dblp.uni-trier.de/db/conf/cases/index.html;9;2026
Computer Architecture / Parallel and Distributed Computing / Storage Systems;Conference;C;19;FPT;International Conference on Field-Programmable Technology;IEEE;http://dblp.uni-trier.de/db/conf/fpt/;9;2026
Computer Architecture / Parallel and Distributed Computing / Storage Systems;Conference;C;20;ICPADS;International Conference on Parallel and Distributed Systems;IEEE;http://dblp.uni-trier.de/db/conf/icpads/;9;2026
Computer Architecture / Parallel and Distributed Computing / Storage Systems;Conference;C;21;ISLPED;International Symposium on Low Power Electronics and Design;IEEE/ACM;http://dblp.uni-trier.de/db/conf/islped/;9;2026
Computer Architecture / Parallel and Distributed Computing / Storage Systems;Conference;C;22;ISPD;International Symposium on Physical Design;ACM;http://dblp.uni-trier.de/db/conf/ispd/;9;2026
Computer Architecture / Parallel and Distributed Computing / Storage Systems;Conference;C;23;HOTI;IEEE Symposium on High-Performance Interconnects;IEEE;http://dblp.uni-trier.de/db/conf/hoti/;9;2026
Computer Architecture / Parallel and Distributed Computing / Storage Systems;Conference;C;24;VTS;IEEE VLSI Test Symposium;IEEE;http://dblp.uni-trier.de/db/conf/vts/;9;2026
Computer Architecture / Parallel and Distributed Computing / Storage Systems;Conference;C;25;ITC-Asia;International Test Conference in Asia;IEEE;https://dblp.uni-trier.de/db/conf/itc-asia/;9;2026
Computer Architecture / Parallel and Distributed Computing / Storage Systems;Conference;C;26;SEC;ACM/IEEE Symposium on Edge Computing;IEEE/ACM;https://dblp.uni-trier.de/db/conf/ieeesec/index.html;9;2026
Computer Architecture / Parallel and Distributed Computing / Storage Systems;Conference;C;27;NAS;International Conference on Networking, Architecture and Storages;IEEE;https://dblp.uni-trier.de/db/conf/nas/index.html;9;2026
Computer Architecture / Parallel and Distributed Computing / Storage Systems;Conference;C;28;HotStorage;HotStorage;USENIX Association;https://dblp.uni-trier.de/db/conf/hotstorage/index.html;9;2026
Computer Architecture / Parallel and Distributed Computing / Storage Systems;Conference;C;29;APPT;International Symposium on Advanced Parallel Processing Technology;Springer;https://dblp.uni-trier.de/db/conf/appt/index.html;9;2026
Computer Architecture / Parallel and Distributed Computing / Storage Systems;Conference;C;30;JCC;International Conference on JointCloud Computing;CCF&IEEE;;9;2026
Computer Networks;Journal;A;1;JSAC;IEEE Journal on Selected Areas in Communications;IEEE;http://dblp.uni-trier.de/db/journals/jsac/;10;2026
Computer Networks;Journal;A;2;TMC;IEEE Transactions on Mobile Computing;IEEE;http://dblp.uni-trier.de/db/journals/tmc/;10;2026
Computer Networks;Journal;A;3;TON;IEEE Transactions on Networking (formerly IEEE/ACM Transactions on Networking);IEEE;http://dblp.uni-trier.de/db/journals/ton/;10;2026
Computer Networks;Journal;B;1;TOIT;ACM Transactions on Internet Technology;ACM;http://dblp.uni-trier.de/db/journals/toit/;11;2026
Computer Networks;Journal;B;2;TOMM;ACM Transactions on Multimedia Computing, Communications and Applications;ACM;http://dblp.uni-trier.de/db/journals/tomccap/;11;2026
Computer Networks;Journal;B;3;TOSN;ACM Transactions on Sensor Networks;ACM;http://dblp.uni-trier.de/db/journals/tosn/;11;2026
Computer Networks;Journal;B;4;CN;Computer Networks;Elsevier;http://dblp.uni-trier.de/db/journals/cn/;11;2026
Computer Networks;Journal;B;5;TCOM;IEEE Transactions on Communications;IEEE;http://dblp.uni-trier.de/db/journals/tcom/;11;2026
Computer Networks;Journal;B;6;TWC;IEEE Transactions on Wireless Communications;IEEE;http://dblp.uni-trier.de/db/journals/twc/;11;2026
Computer Networks;Journal;C;1;;Ad Hoc Networks;Elsevier;http://dblp.uni-trier.de/db/journals/adhoc/;12;2026
Computer Networks;Journal;C;2;CC;Computer Communications;Elsevier;http://dblp.uni-trier.de/db/journals/comcom/;12;2026
Computer Networks;Journal;C;3;TNSM;IEEE Transactions on Network and Service Management;IEEE;http://dblp.uni-trier.de/db/journals/tnsm/;12;2026
Computer Networks;Journal;C;4;;IET Communications;IET;http://dblp.uni-trier.de/db/journals/iet-com/;12;2026
Computer Networks;Journal;C;5;JNCA;Journal of Network and Computer Applications;Elsevier;http://dblp.uni-trier.de/db/journals/jnca/;12;2026
Computer Networks;Journal;C;6;MONET;Mobile Networks and Applications;Springer;http://dblp.uni-trier.de/db/journals/monet/;12;2026
Computer Networks;Journal;C;7;;Networks;Wiley;http://dblp.uni-trier.de/db/journals/networks/;12;2026
Computer Networks;Journal;C;8;PPNA;Peer-to-Peer Networking and Applications;Springer;http://dblp.uni-trier.de/db/journals/ppna/;12;2026
Computer Networks;Journal;C;9;WCMC;Wireless Communications and Mobile Computing;Wiley;http://dblp.uni-trier.de/db/journals/wicomm/;12;2026
Computer Networks;Journal;C;10;;Wireless Networks;Springer;http://dblp.uni-trier.de/db/journals/winet/;12;2026
Computer Networks;Journal;C;11;IOT;IEEE Internet of Things Journal;IEEE;https://dblp.org/db/journals/iotj/index.html;12;2026
Computer Networks;Journal;C;12;TIOT;ACM Transactions on Internet of Things;ACM;https://dblp.uni-trier.de/db/journals/tiot/index.html;12;2026
Computer Networks;Conference;A;1;SIGCOMM;ACM International Conference on Applications, Technologies, Architectures, and Protocols for Computer Communication;ACM;http://dblp.uni-trier.de/db/conf/sigcomm/index.html;13;2026
Computer Networks;Conference;A;2;MobiCom;ACM International Conference on Mobile Computing and Networking;ACM;http://dblp.uni-trier.de/db/conf/mobicom/;13;2026
Computer Networks;Conference;A;3;INFOCOM;IEEE International Conference on Computer Communications;IEEE;http://dblp.uni-trier.de/db/conf/infocom/;13;2026
Computer Networks;Conference;A;4;NSDI;Symposium on Network System Design and Implementation;USENIX;http://dblp.uni-trier.de/db/conf/nsdi/;13;2026
Computer Networks;Conference;B;1;SenSys;ACM Conference on Embedded Networked Sensor Systems;ACM;http://dblp.uni-trier.de/db/conf/sensys/;14;2026
Computer Networks;Conference;B;2;CoNEXT;ACM International Conference on Emerging Networking Experiments and Technologies;ACM;http://dblp.uni-trier.de/db/conf/conext/;14;2026
Computer Networks;Conference;B;3;SECON;IEEE International Conference on Sensing, Communication, and Networking;IEEE;http://dblp.uni-trier.de/db/conf/secon/;14;2026
Computer Networks;Conference;B;4;IPSN;International Conference on Information Processing in Sensor Networks;IEEE/ACM;http://dblp.uni-trier.de/db/conf/ipsn/;14;2026
Computer Networks;Conference;B;5;MobiSys;ACM International Conference on Mobile Systems, Applications, and Services;ACM;http://dblp.uni-trier.de/db/conf/mobisys/;14;2026
Computer Networks;Conference;B;6;ICNP;IEEE International Conference on Network Protocols;IEEE;http://dblp.uni-trier.de/db/conf/icnp/;14;2026
Computer Networks;Conference;B;7;MobiHoc;International Symposium on Theory, Algorithmic Foundations, and Protocol Design for Mobile Networks and Mobile Computing;IEEE/ACM;http://dblp.uni-trier.de/db/conf/mobihoc/;14;2026
Computer Networks;Conference;B;8;NOSSDAV;International Workshop on Network and Operating System Support for Digital Audio and Video;ACM;http://dblp.uni-trier.de/db/conf/nossdav/;14;2026
Computer Networks;Conference;B;9;IWQoS;IEEE/ACM International Workshop on Quality of Service;IEEE;http://dblp.uni-trier.de/db/conf/iwqos/;14;2026
Computer Networks;Conference;B;10;IMC;ACM Internet Measurement Conference;ACM/USENIX;http://dblp.uni-trier.de/db/conf/imc/;14;2026
Computer Networks;Conference;C;1;ANCS;ACM/IEEE Symposium on Architectures for Networking and Communication Systems;IEEE/ACM;http://dblp.uni-trier.de/db/conf/ancs/;15;2026
Computer Networks;Conference;C;2;APNOMS;Asia-Pacific Network Operations and Management Symposium;IFIP/IEEE;http://dblp.uni-trier.de/db/conf/apnoms/;15;2026
Computer Networks;Conference;C;3;FORTE;International Conference on Formal Techniques for Distributed Objects, Components, and Systems;Springer;http://dblp.uni-trier.de/db/conf/forte/;15;2026
Computer Networks;Conference;C;4;LCN;IEEE Conference on Local Computer Networks;IEEE;http://dblp.uni-trier.de/db/conf/lcn/;15;2026
Computer Networks;Conference;C;5;GLOBECOM;IEEE Global Communications Conference;IEEE;http://dblp.uni-trier.de/db/conf/globecom/;15;2026
Computer Networks;Conference;C;6;ICC;IEEE International Conference on Communications;IEEE;http://dblp.uni-trier.de/db/conf/icc/;15;2026
Computer Networks;Conference;C;7;ICCCN;IEEE International Conference on Computer Communications and Networks;IEEE;http://dblp.uni-trier.de/db/conf/icccn/;15;2026
Computer Networks;Conference;C;8;MASS;IEEE International Conference on Mobile Adhoc and Sensor Systems;IEEE;http://dblp.uni-trier.de/db/conf/mass/index.html;15;2026
Computer Networks;Conference;C;9;P2P;IEEE International Conference on Peer-to-Peer Computing;IEEE;http://dblp.uni-trier.de/db/conf/p2p/;15;2026
Computer Networks;Conference;C;10;IPCCC;IEEE International Performance Computing and Communications Conference;IEEE;http://dblp.uni-trier.de/db/conf/ipccc/;15;2026
Computer Networks;Conference;C;11;WoWMoM;IEEE International Symposium on a World of Wireless, Mobile and Multimedia Networks;IEEE;http://dblp.uni-trier.de/db/conf/wowmom/;15;2026
Computer Networks;Conference;C;12;ISCC;IEEE Symposium on Computers and Communications;IEEE;http://dblp.uni-trier.de/db/conf/iscc/;15;2026
Computer Networks;Conference;C;13;WCNC;IEEE Wireless Communications and Networking Conference;IEEE;http://dblp.uni-trier.de/db/conf/wcnc/;15;2026
Computer Networks;Conference;C;14;Networking;IFIP International Conferences on Networking;IFIP;http://dblp.uni-trier.de/db/conf/networking/index.html;16;2026
Computer Networks;Conference;C;15;IM;IFIP/IEEE International Symposium on Integrated Network Management;IFIP/IEEE;http://dblp.uni-trier.de/db/conf/im/index.html;16;2026
Computer Networks;Conference;C;16;MSN;International Conference on Mobility, Sensing and Networking;IEEE;https://dblp.uni-trier.de/db/conf/msn/;16;2026
Computer Networks;Conference;C;17;MSWiM;International Conference on Modeling, Analysis and Simulation of Wireless and Mobile Systems;ACM;http://dblp.uni-trier.de/db/conf/mswim/;16;2026
Computer Networks;Conference;C;18;WASA;The International Conference on Wireless Artificial Intelligent Computing Systems and Applications;Springer;http://dblp.uni-trier.de/db/conf/wasa/;16;2026
Computer Networks;Conference;C;19;HotNets;ACM The Workshop on Hot Topics in Networks;ACM;http://dblp.uni-trier.de/db/conf/hotnets/;16;2026
Computer Networks;Conference;C;20;APNet;Asia-Pacific Workshop on Networking;ACM;https://dblp.org/db/conf/apnet/index.html;16;2026
Network and Information Security;Journal;A;1;TDSC;IEEE Transactions on Dependable and Secure Computing;IEEE;http://dblp.uni-trier.de/db/journals/tdsc/;17;2026
Network and Information Security;Journal;A;2;TIFS;IEEE Transactions on Information Forensics and Security;IEEE;http://dblp.uni-trier.de/db/journals/tifs/;17;2026
Network and Information Security;Journal;A;3;;Journal of Cryptology;Springer;http://dblp.uni-trier.de/db/journals/joc/;17;2026
Network and Information Security;Journal;B;1;TOPS;ACM Transactions on Privacy and Security;ACM;https://dblp.org/db/journals/tissec/index.html;18;2026
Network and Information Security;Journal;B;2;;Computers & Security;Elsevier;http://dblp.uni-trier.de/db/journals/compsec/;18;2026
Network and Information Security;Journal;B;3;;Designs, Codes and Cryptography;Springer;http://dblp.uni-trier.de/db/journals/dcc/;18;2026
Network and Information Security;Journal;B;4;JCS;Journal of Computer Security;IOS Press;http://dblp.uni-trier.de/db/journals/jcs/;18;2026
Network and Information Security;Journal;B;5;Cybersecurity;Cybersecurity;Springer (formerly Institute of Information Engineering, Chinese Academy of Sciences/Science Press);https://dblp.uni-trier.de/db/journals/cybersec/index.html;18;2026
Network and Information Security;Journal;C;1;CLSR;Computer Law & Security Review;Elsevier;https://dblp.org/db/journals/clsr/index.html;19;2026
Network and Information Security;Journal;C;2;;EURASIP Journal on Information Security;Springer;http://dblp.uni-trier.de/db/journals/ejisec/;19;2026
Network and Information Security;Journal;C;3;;IET Information Security;IET;http://dblp.uni-trier.de/db/journals/iet-ifs/;19;2026
Network and Information Security;Journal;C;4;IMCS;Information and Computer Security;Emerald;http://dblp.uni-trier.de/db/journals/imcs/;19;2026
Network and Information Security;Journal;C;5;IJICS;International Journal of Information and Computer Security;Inderscience;http://dblp.uni-trier.de/db/journals/ijics/;19;2026
Network and Information Security;Journal;C;6;IJISP;International Journal of Information Security and Privacy;IGI Global;http://dblp.uni-trier.de/db/journals/ijisp/;19;2026
Network and Information Security;Journal;C;7;JISA;Journal of Information Security and Applications;Elsevier;https://dblp.uni-trier.de/db/journals/istr/;19;2026
Network and Information Security;Journal;C;8;SCN;Security and Communication Networks;Wiley;http://dblp.uni-trier.de/db/journals/scn/;19;2026
Network and Information Security;Journal;C;9;HCC;High-Confidence Computing;Elsevier;https://www.journals.elsevier.com/high-confidence-computing;19;2026
Network and Information Security;Conference;A;1;CCS;ACM Conference on Computer and Communications Security;ACM;http://dblp.uni-trier.de/db/conf/ccs/;20;2026
Network and Information Security;Conference;A;2;EUROCRYPT;International Conference on the Theory and Applications of Cryptographic Techniques;Springer;http://dblp.uni-trier.de/db/conf/eurocrypt/;20;2026
Network and Information Security;Conference;A;3;S&P;IEEE Symposium on Security and Privacy;IEEE;http://dblp.uni-trier.de/db/conf/sp/;20;2026
Network and Information Security;Conference;A;4;CRYPTO;International Cryptology Conference;Springer;http://dblp.uni-trier.de/db/conf/crypto/;20;2026
Network and Information Security;Conference;A;5;USENIX Security;USENIX Security Symposium;USENIX Association;http://dblp.uni-trier.de/db/conf/uss/;20;2026
Network and Information Security;Conference;A;6;NDSS;Network and Distributed System Security Symposium;ISOC;http://dblp.uni-trier.de/db/conf/ndss/;20;2026
Network and Information Security;Conference;B;1;ACSAC;Annual Computer Security Applications Conference;IEEE;https://dblp.uni-trier.de/db/conf/acsac/index.html;21;2026
Network and Information Security;Conference;B;2;ASIACRYPT;Annual International Conference on the Theory and Application of Cryptology and Information Security;Springer;https://dblp.uni-trier.de/db/conf/asiacrypt/index.html;21;2026
Network and Information Security;Conference;B;3;ESORICS;European Symposium on Research in Computer Security;Springer;https://dblp.uni-trier.de/db/conf/esorics/index.html;21;2026
Network and Information Security;Conference;B;4;FSE;Fast Software Encryption;Springer;https://dblp.uni-trier.de/db/conf/fse/index.html;21;2026
Network and Information Security;Conference;B;5;CSFW;IEEE Computer Security Foundations Workshop;IEEE;https://dblp.uni-trier.de/db/conf/csfw/index.html;21;2026
Network and Information Security;Conference;B;6;SRDS;IEEE International Symposium on Reliable Distributed Systems;IEEE;https://dblp.uni-trier.de/db/conf/srds/index.html;21;2026
Network and Information Security;Conference;B;7;CHES;International Conference on Cryptographic Hardware and Embedded Systems;Springer;https://dblp.uni-trier.de/db/conf/ches/index.html;21;2026
Network and Information Security;Conference;B;8;DSN;International Conference on Dependable Systems and Networks;IEEE/IFIP;https://dblp.uni-trier.de/db/conf/dsn/index.html;21;2026
Network and Information Security;Conference;B;9;RAID;International Symposium on Recent Advances in Intrusion Detection;Springer;https://dblp.uni-trier.de/db/conf/raid/index.html;21;2026
Network and Information Security;Conference;B;10;PKC;International Workshop on Practice and Theory in Public Key Cryptography;Springer;https://dblp.uni-trier.de/db/conf/pkc/index.html;21;2026
Network and Information Security;Conference;B;11;TCC;Theory of Cryptography Conference;Springer;https://dblp.uni-trier.de/db/conf/tcc/index.html;21;2026
Network and Information Security;Conference;C;1;WiSec;ACM Conference on Security and Privacy in Wireless and Mobile Networks;ACM;http://dblp.uni-trier.de/db/conf/wisec/;22;2026
Network and Information Security;Conference;C;2;SACMAT;ACM Symposium on Access Control Models and Technologies;ACM;http://dblp.uni-trier.de/db/conf/sacmat/;22;2026
Network and Information Security;Conference;C;3;DRM;ACM Workshop on Digital Rights Management;ACM;http://dblp.uni-trier.de/db/conf/drm/;22;2026
Network and Information Security;Conference;C;4;IH&MMSec;ACM Workshop on Information Hiding and Multimedia Security;ACM;http://dblp.uni-trier.de/db/conf/ih/;22;2026
Network and Information Security;Conference;C;5;ACNS;International Conference on Applied Cryptography and Network Security;Springer;http://dblp.uni-trier.de/db/conf/acns/;22;2026
Network and Information Security;Conference;C;6;AsiaCCS;ACM Asia Conference on Computer and Communications Security;ACM;http://dblp.uni-trier.de/db/conf/ccs/;22;2026
Network and Information Security;Conference;C;7;ACISP;Australasia Conference on Information Security and Privacy;Springer;http://dblp.uni-trier.de/db/conf/acisp/;22;2026
Network and Information Security;Conference;C;8;CT-RSA;The Cryptographer's Track at RSA Conference;Springer;http://dblp.uni-trier.de/db/conf/ctrsa/;22;2026
Network and Information Security;Conference;C;9;DIMVA;Conference on Detection of Intrusions and Malware & Vulnerability Assessment;Springer;http://dblp.uni-trier.de/db/conf/dimva/;22;2026
Network and Information Security;Conference;C;10;DFRWS;Digital Forensic Research Workshop;Elsevier;http://dblp.uni-trier.de/db/conf/dfrws/;22;2026
Network and Information Security;Conference;C;11;FC;Financial Cryptography and Data Security;Springer;http://dblp.uni-trier.de/db/conf/fc/;22;2026
Network and Information Security;Conference;C;12;TrustCom;IEEE International Conference on Trust, Security and Privacy in Computing and Communications;IEEE;http://dblp.uni-trier.de/db/conf/trustcom/;22;2026
Network and Information Security;Conference;C;13;SEC;IFIP International Information Security Conference;Springer;http://dblp.uni-trier.de/db/conf/sec/;22;2026
Network and Information Security;Conference;C;14;IFIP WG 11.9;IFIP Working Group 11.9 International Conference on Digital Forensics;Springer;https://dblp.org/db/conf/ifip11-9/index.html;23;2026
Network and Information Security;Conference;C;15;ISC;Information Security Conference;Springer;http://dblp.uni-trier.de/db/conf/isw/;23;2026
Network and Information Security;Conference;C;16;ICDF2C;International Conference on Digital Forensics & Cyber Crime;Springer;http://dblp.uni-trier.de/db/conf/icdf2c/;23;2026
Network and Information Security;Conference;C;17;ICICS;International Conference on Information and Communications Security;Springer;http://dblp.uni-trier.de/db/conf/icics/;23;2026
Network and Information Security;Conference;C;18;SecureComm;International Conference on Security and Privacy in Communication Networks;ACM;http://dblp.uni-trier.de/db/conf/securecomm/;23;2026
Network and Information Security;Conference;C;19;NSPW;New Security Paradigms Workshop;ACM;http://dblp.uni-trier.de/db/conf/nspw/;23;2026
Network and Information Security;Conference;C;20;PAM;Passive and Active Measurement Conference;Springer;http://dblp.uni-trier.de/db/conf/pam/;23;2026
Network and Information Security;Conference;C;21;PETS;Privacy Enhancing Technologies Symposium;Springer;http://dblp.uni-trier.de/db/conf/pet/;23;2026
Network and Information Security;Conference;C;22;SAC;Selected Areas in Cryptography;Springer;http://dblp.uni-trier.de/db/conf/sacrypt/;23;2026
Network and Information Security;Conference;C;23;SOUPS;Symposium On Usable Privacy and Security;USENIX;http://dblp.uni-trier.de/db/conf/soups/;23;2026
Network and Information Security;Conference;C;24;HotSec;USENIX Workshop on Hot Topics in Security;USENIX;http://www.usenix.org/events/;23;2026
Network and Information Security;Conference;C;25;EuroS&P;IEEE European Symposium on Security and Privacy;IEEE;https://dblp.org/db/conf/eurosp/index.html;23;2026
Network and Information Security;Conference;C;26;Inscrypt;International Conference on Information Security and Cryptology;Springer;https://dblp.org/db/conf/cisc/index.html;23;2026
Network and Information Security;Conference;C;27;CODASPY;Conference on Data and Application Security and Privacy;ACM;https://dblp.uni-trier.de/db/conf/codaspy/index.html;23;2026
Network and Information Security;Conference;C;28;BlockSys;International Conference on Blockchain, Artificial Intelligence, and Trustworthy Systems;Springer;https://dblp.uni-trier.de/db/conf/blocksys/index.html;23;2026
Network and Information Security;Conference;C;29;CSCloud;International Conference on Cyber Security and Cloud Computing;IEEE CSCloud Steering Committee;https://dblp.uni-trier.de/db/conf/cscloud/index.html;23;2026
Software Engineering / System Software / Programming Languages;Journal;A;1;TOPLAS;ACM Transactions on Programming Languages and Systems;ACM;http://dblp.uni-trier.de/db/journals/toplas/;24;2026
Software Engineering / System Software / Programming Languages;Journal;A;2;TOSEM;ACM Transactions on Software Engineering and Methodology;ACM;http://dblp.uni-trier.de/db/journals/tosem/;24;2026
Software Engineering / System Software / Programming Languages;Journal;A;3;TSE;IEEE Transactions on Software Engineering;IEEE;http://dblp.uni-trier.de/db/journals/tse/;24;2026
Software Engineering / System Software / Programming Languages;Journal;A;4;TSC;IEEE Transactions on Services Computing;IEEE;http://dblp.uni-trier.de/db/journals/tsc/;24;2026
Software Engineering / System Software / Programming Languages;Journal;B;1;ASE;Automated Software Engineering;Springer;http://dblp.uni-trier.de/db/journals/ase/;25;2026
Software Engineering / System Software / Programming Languages;Journal;B;2;ESE;Empirical Software Engineering;Springer;http://dblp.uni-trier.de/db/journals/ese/;25;2026
Software Engineering / System Software / Programming Languages;Journal;B;3;IETS;IET Software;IET;https://dblp.uni-trier.de/db/journals/iet-sen/;25;2026
Software Engineering / System Software / Programming Languages;Journal;B;4;IST;Information and Software Technology;Elsevier;http://dblp.uni-trier.de/db/journals/infsof/index.html;25;2026
Software Engineering / System Software / Programming Languages;Journal;B;5;JFP;Journal of Functional Programming;Cambridge University Press;http://dblp.uni-trier.de/db/journals/jfp/;25;2026
Software Engineering / System Software / Programming Languages;Journal;B;6;;Journal of Software: Evolution and Process;Wiley;http://dblp.uni-trier.de/db/journals/smr/;25;2026
Software Engineering / System Software / Programming Languages;Journal;B;7;JSS;Journal of Systems and Software;Elsevier;http://dblp.uni-trier.de/db/journals/jss/;25;2026
Software Engineering / System Software / Programming Languages;Journal;B;8;RE;Requirements Engineering;Springer;http://dblp.uni-trier.de/db/journals/re/;25;2026
Software Engineering / System Software / Programming Languages;Journal;B;9;SCP;Science of Computer Programming;Elsevier;http://dblp.uni-trier.de/db/journals/scp/;25;2026
Software Engineering / System Software / Programming Languages;Journal;B;10;SoSyM;Software and Systems Modeling;Springer;http://dblp.uni-trier.de/db/journals/sosym/;25;2026
Software Engineering / System Software / Programming Languages;Journal;B;11;STVR;Software Testing, Verification and Reliability;Wiley;http://dblp.uni-trier.de/db/journals/stvr/index.html;25;2026
Software Engineering / System Software / Programming Languages;Journal;B;12;SPE;Software: Practice and Experience;Wiley;http://dblp.uni-trier.de/db/journals/spe/;25;2026
Software Engineering / System Software / Programming Languages;Journal;C;1;CL;Computer Languages, Systems and Structures;Elsevier;http://dblp.uni-trier.de/db/journals/cl/index.html;26;2026
Software Engineering / System Software / Programming Languages;Journal;C;2;IJSEKE;International Journal of Software Engineering and Knowledge Engineering;World Scientific;http://dblp.uni-trier.de/db/journals/ijseke/index.html;26;2026
Software Engineering / System Software / Programming Languages;Journal;C;3;STTT;International Journal of Software Tools for Technology Transfer;Springer;http://dblp.uni-trier.de/db/journals/sttt/;26;2026
Software Engineering / System Software / Programming Languages;Journal;C;4;JLAMP;Journal of Logical and Algebraic Methods in Programming;Elsevier;https://dblp.uni-trier.de/db/journals/jlap/index.html;26;2026
Software Engineering / System Software / Programming Languages;Journal;C;5;JWE;Journal of Web Engineering;Rinton Press;http://dblp.uni-trier.de/db/journals/jwe/;26;2026
Software Engineering / System Software / Programming Languages;Journal;C;6;SOCA;Service Oriented Computing and Applications;Springer;http://dblp.uni-trier.de/db/journals/soca/;26;2026
Software Engineering / System Software / Programming Languages;Journal;C;7;SQJ;Software Quality Journal;Springer;http://dblp.uni-trier.de/db/journals/sqj/;26;2026
Software Engineering / System Software / Programming Languages;Journal;C;8;TPLP;Theory and Practice of Logic Programming;Cambridge University Press;http://dblp.uni-trier.de/db/journals/tplp/;26;2026
Software Engineering / System Software / Programming Languages;Journal;C;9;PACM PL;Proceedings of the ACM on Programming Languages;ACM;https://dblp.org/db/journals/pacmpl/index.html;26;2026
Software Engineering / System Software / Programming Languages;Conference;A;1;PLDI;ACM SIGPLAN Conference on Programming Language Design and Implementation;ACM;http://dblp.uni-trier.de/db/conf/pldi/;27;2026
Software Engineering / System Software / Programming Languages;Conference;A;2;POPL;ACM SIGPLAN-SIGACT Symposium on Principles of Programming Languages;ACM;http://dblp.uni-trier.de/db/conf/popl/;27;2026
Software Engineering / System Software / Programming Languages;Conference;A;3;FSE;ACM International Conference on the Foundations of Software Engineering;ACM;http://dblp.uni-trier.de/db/conf/sigsoft/;27;2026
Software Engineering / System Software / Programming Languages;Conference;A;4;SOSP;ACM Symposium on Operating Systems Principles;ACM;http://dblp.uni-trier.de/db/conf/sosp/;27;2026
Software Engineering / System Software / Programming Languages;Conference;A;5;OOPSLA;Conference on Object-Oriented Programming Systems, Languages, and Applications;ACM;http://dblp.uni-trier.de/db/conf/oopsla/;27;2026
Software Engineering / System Software / Programming Languages;Conference;A;6;ASE;International Conference on Automated Software Engineering;IEEE/ACM;http://dblp.uni-trier.de/db/conf/kbse/;27;2026
Software Engineering / System Software / Programming Languages;Conference;A;7;ICSE;International Conference on Software Engineering;IEEE/ACM;http://dblp.uni-trier.de/db/conf/icse/;27;2026
Software Engineering / System Software / Programming Languages;Conference;A;8;ISSTA;International Symposium on Software Testing and Analysis;ACM;http://dblp.uni-trier.de/db/conf/issta/;27;2026
Software Engineering / System Software / Programming Languages;Conference;A;9;OSDI;USENIX Symposium on Operating Systems Design and Implementation;USENIX;http://dblp.uni-trier.de/db/conf/osdi/;27;2026
Software Engineering / System Software / Programming Languages;Conference;A;10;FM;International Symposium on Formal Methods;FME;http://dblp.uni-trier.de/db/conf/fm/;27;2026
Software Engineering / System Software / Programming Languages;Conference;B;1;ECOOP;European Conference on Object-Oriented Programming;AITO;http://dblp.uni-trier.de/db/conf/ecoop/;28;2026
Software Engineering / System Software / Programming Languages;Conference;B;2;ETAPS;European Joint Conferences on Theory and Practice of Software;Springer;http://dblp.uni-trier.de/db/conf/etaps/;28;2026
Software Engineering / System Software / Programming Languages;Conference;B;3;ICPC;IEEE International Conference on Program Comprehension;IEEE;http://dblp.uni-trier.de/db/conf/iwpc/;28;2026
Software Engineering / System Software / Programming Languages;Conference;B;4;RE;IEEE International Requirements Engineering Conference;IEEE;http://dblp.uni-trier.de/db/conf/re/;28;2026
Software Engineering / System Software / Programming Languages;Conference;B;5;CAiSE;International Conference on Advanced Information Systems Engineering;Springer;http://dblp.uni-trier.de/db/conf/caise/;28;2026
Software Engineering / System Software / Programming Languages;Conference;B;6;ICFP;ACM SIGPLAN International Conference on Function Programming;ACM;http://dblp.uni-trier.de/db/conf/icfp/;28;2026
Software Engineering / System Software / Programming Languages;Conference;B;7;LCTES;ACM SIGPLAN/SIGBED International Conference on Languages, Compilers and Tools for Embedded Systems;ACM;http://dblp.uni-trier.de/db/conf/lctrts/;28;2026
Software Engineering / System Software / Programming Languages;Conference;B;8;MoDELS;ACM/IEEE International Conference on Model Driven EngineeringLanguages and Systems;IEEE/ACM;http://dblp.uni-trier.de/db/conf/models/;28;2026
Software Engineering / System Software / Programming Languages;Conference;B;9;CP;International Conference on Principles and Practice of Constraint Programming;Springer;http://dblp.uni-trier.de/db/conf/cp/;28;2026
Software Engineering / System Software / Programming Languages;Conference;B;10;ICSOC;International Conference on Service Oriented Computing;Springer;http://dblp.uni-trier.de/db/conf/icsoc/;28;2026
Software Engineering / System Software / Programming Languages;Conference;B;11;SANER;IEEE International Conference on Software Analysis, Evolution, and Reengineering;IEEE;http://dblp.uni-trier.de/db/conf/wcre/;29;2026
Software Engineering / System Software / Programming Languages;Conference;B;12;ICSME;International Conference on Software Maintenance and Evolution;IEEE;http://dblp.uni-trier.de/db/conf/icsm/;29;2026
Software Engineering / System Software / Programming Languages;Conference;B;13;VMCAI;International Conference on Verification, Model Checking and Abstract Interpretation;Springer;http://dblp.uni-trier.de/db/conf/vmcai/;29;2026
Software Engineering / System Software / Programming Languages;Conference;B;14;ICWS;IEEE International Conference on Web Services;IEEE;http://dblp.uni-trier.de/db/conf/icws/;29;2026
Software Engineering / System Software / Programming Languages;Conference;B;15;Middleware;International Middleware Conference;ACM/IFIP/USENIX;http://dblp.uni-trier.de/db/conf/middleware/;29;2026
Software Engineering / System Software / Programming Languages;Conference;B;16;SAS;International Static Analysis Symposium;Springer;http://dblp.uni-trier.de/db/conf/sas/;29;2026
Software Engineering / System Software / Programming Languages;Conference;B;17;ESEM;International Symposium on Empirical Software Engineering and Measurement;IEEE/ACM;http://dblp.uni-trier.de/db/conf/esem/;29;2026
Software Engineering / System Software / Programming Languages;Conference;B;18;ISSRE;IEEE International Symposium on Software Reliability Engineering;IEEE;http://dblp.uni-trier.de/db/conf/issre/;29;2026
Software Engineering / System Software / Programming Languages;Conference;B;19;HotOS;USENIX Workshop on Hot Topics in Operating Systems;USENIX;http://dblp.uni-trier.de/db/conf/hotos/;29;2026
Software Engineering / System Software / Programming Languages;Conference;B;20;CC;International Conference on Compiler Construction;ACM;https://dblp.uni-trier.de/db/conf/cc/index.html;29;2026
Software Engineering / System Software / Programming Languages;Conference;C;1;PEPM;ACM SIGPLAN Workshop on Partial Evaluation and Program Manipulation;ACM;http://dblp.uni-trier.de/db/conf/pepm/;30;2026
Software Engineering / System Software / Programming Languages;Conference;C;2;PASTE;ACMSIGPLAN-SIGSOFT Workshop on Program Analysis for Software Tools and Engineering;ACM;http://dblp.uni-trier.de/db/conf/paste/;30;2026
Software Engineering / System Software / Programming Languages;Conference;C;3;APLAS;Asian Symposium on Programming Languages and Systems;Springer;http://dblp.uni-trier.de/db/conf/aplas/;30;2026
Software Engineering / System Software / Programming Languages;Conference;C;4;APSEC;Asia-Pacific Software Engineering Conference;IEEE;http://dblp.uni-trier.de/db/conf/apsec/;30;2026
Software Engineering / System Software / Programming Languages;Conference;C;5;EASE;International Conference on Evaluation and Assessment in Software Engineering;ACM;http://dblp.uni-trier.de/db/conf/ease/;30;2026
Software Engineering / System Software / Programming Languages;Conference;C;6;ICECCS;International Conference on Engineering of Complex Computer Systems;IEEE;http://dblp.uni-trier.de/db/conf/iceccs/;30;2026
Software Engineering / System Software / Programming Languages;Conference;C;7;ICST;IEEE International Conference on Software Testing, Verification and Validation;IEEE;http://dblp.uni-trier.de/db/conf/icst/;30;2026
Software Engineering / System Software / Programming Languages;Conference;C;8;ISPASS;IEEE International Symposium on Performance Analysis of Systems and Software;IEEE;http://dblp.uni-trier.de/db/conf/ispass/;30;2026
Software Engineering / System Software / Programming Languages;Conference;C;9;SCAM;IEEE International Working Conference on Source Code Analysis and Manipulation;IEEE;http://dblp.uni-trier.de/db/conf/scam/;30;2026
Software Engineering / System Software / Programming Languages;Conference;C;10;COMPSAC;International Computer Software and Applications Conference;IEEE;http://dblp.uni-trier.de/db/conf/compsac/;30;2026
Software Engineering / System Software / Programming Languages;Conference;C;11;ICFEM;International Conference on Formal Engineering Methods;Springer;http://dblp.uni-trier.de/db/conf/icfem/;30;2026
Software Engineering / System Software / Programming Languages;Conference;C;12;SSE;IEEE International Conference on Software Services Engineering;IEEE;http://dblp.uni-trier.de/db/conf/IEEEscc/;30;2026
Software Engineering / System Software / Programming Languages;Conference;C;13;ICSSP;International Conference on Software and System Process;ACM;https://dblp.uni-trier.de/db/conf/ispw/index.html;30;2026
Software Engineering / System Software / Programming Languages;Conference;C;14;SEKE;International Conference on Software Engineering and Knowledge Engineering;KSI;http://dblp.uni-trier.de/db/conf/seke/;31;2026
Software Engineering / System Software / Programming Languages;Conference;C;15;QRS;International Conference on Software Quality, Reliability and Security;IEEE;https://dblp.uni-trier.de/db/conf/qrs/;31;2026
Software Engineering / System Software / Programming Languages;Conference;C;16;ICSR;International Conference on Software Reuse;Springer;http://dblp.uni-trier.de/db/conf/icsr/;31;2026
Software Engineering / System Software / Programming Languages;Conference;C;17;ICWE;International Conference on Web Engineering;Springer;http://dblp.uni-trier.de/db/conf/icwe/;31;2026
Software Engineering / System Software / Programming Languages;Conference;C;18;SPIN;International Symposium on Model Checking of Software;Springer;http://dblp.uni-trier.de/db/conf/spin/index.html;31;2026
Software Engineering / System Software / Programming Languages;Conference;C;19;ATVA;International Symposium on Automated Technology for Verification and Analysis;Springer;http://dblp.uni-trier.de/db/conf/atva/;31;2026
Software Engineering / System Software / Programming Languages;Conference;C;20;LOPSTR;International Symposium on Logic-based Program Synthesis and Transformation;Springer;http://dblp.uni-trier.de/db/conf/lopstr/;31;2026
Software Engineering / System Software / Programming Languages;Conference;C;21;TASE;Theoretical Aspects of Software Engineering Conference;IEEE;http://dblp.uni-trier.de/db/conf/tase/;31;2026
Software Engineering / System Software / Programming Languages;Conference;C;22;MSR;Mining Software Repositories;IEEE/ACM;http://dblp.uni-trier.de/db/conf/msr/;31;2026
Software Engineering / System Software / Programming Languages;Conference;C;23;REFSQ;Requirements Engineering: Foundation for Software Quality;Springer;http://dblp.uni-trier.de/db/conf/refsq/;31;2026
Software Engineering / System Software / Programming Languages;Conference;C;24;WICSA;Working IEEE/IFIP Conference on Software Architecture;IEEE;http://dblp.uni-trier.de/db/conf/wicsa/;31;2026
Software Engineering / System Software / Programming Languages;Conference;C;25;Internetware;Asia-Pacific Symposium on Internetware;ACM;https://dblp.org/db/conf/internetware/index.html;31;2026
Software Engineering / System Software / Programming Languages;Conference;C;26;RV;International Conference on Runtime Verification;Springer;https://dblp.org/db/conf/rv/index.html;31;2026
Software Engineering / System Software / Programming Languages;Conference;C;27;MEMOCODE;International Conference on Formal Methods and Models for Co-Design;IEEE/ACM;https://dblp.uni-trier.de/db/conf/memocode/index.html;31;2026
Databases / Data Mining / Content Retrieval;Journal;A;1;TODS;ACM Transactions on Database Systems;ACM;http://dblp.uni-trier.de/db/journals/tods/;32;2026
Databases / Data Mining / Content Retrieval;Journal;A;2;TOIS;ACM Transactions on Information Systems;ACM;http://dblp.uni-trier.de/db/journals/tois/;32;2026
Databases / Data Mining / Content Retrieval;Journal;A;3;TKDE;IEEE Transactions on Knowledge and Data Engineering;IEEE;http://dblp.uni-trier.de/db/journals/tkde/;32;2026
Databases / Data Mining / Content Retrieval;Journal;A;4;VLDBJ;The VLDB Journal;Springer;http://dblp.uni-trier.de/db/journals/vldb/;32;2026
Databases / Data Mining / Content Retrieval;Journal;B;1;TKDD;ACM Transactions on Knowledge Discovery from Data;ACM;http://dblp.uni-trier.de/db/journals/tkdd/;33;2026
Databases / Data Mining / Content Retrieval;Journal;B;2;TWEB;ACM Transactions on the Web;ACM;http://dblp.uni-trier.de/db/journals/tweb/;33;2026
Databases / Data Mining / Content Retrieval;Journal;B;3;AEI;Advanced Engineering Informatics;Elsevier;http://dblp.uni-trier.de/db/journals/aei/;33;2026
Databases / Data Mining / Content Retrieval;Journal;B;4;DKE;Data & Knowledge Engineering;Elsevier;http://dblp.uni-trier.de/db/journals/dke/;33;2026
Databases / Data Mining / Content Retrieval;Journal;B;5;DMKD;Data Mining and Knowledge Discovery;Springer;http://dblp.uni-trier.de/db/journals/datamine/;33;2026
Databases / Data Mining / Content Retrieval;Journal;B;6;EJIS;European Journal of Information Systems;Springer;http://dblp.uni-trier.de/db/journals/ejis/;33;2026
Databases / Data Mining / Content Retrieval;Journal;B;7;;GeoInformatica;Springer;http://dblp.uni-trier.de/db/journals/geoinformatica/;33;2026
Databases / Data Mining / Content Retrieval;Journal;B;8;IPM;Information Processing and Management;Elsevier;http://dblp.uni-trier.de/db/journals/ipm/;33;2026
Databases / Data Mining / Content Retrieval;Journal;B;9;;Information Sciences;Elsevier;http://dblp.uni-trier.de/db/journals/isci/;33;2026
Databases / Data Mining / Content Retrieval;Journal;B;10;IS;Information Systems;Elsevier;http://dblp.uni-trier.de/db/journals/is/;33;2026
Databases / Data Mining / Content Retrieval;Journal;B;11;JASIST;Journal of the Association for Information Science and Technology;Wiley;http://dblp.uni-trier.de/db/journals/jasis/;33;2026
Databases / Data Mining / Content Retrieval;Journal;B;12;JWS;Journal of Web Semantics;Elsevier;http://dblp.uni-trier.de/db/journals/ws/;33;2026
Databases / Data Mining / Content Retrieval;Journal;B;13;KAIS;Knowledge and Information Systems;Springer;http://dblp.uni-trier.de/db/journals/kais/;33;2026
Databases / Data Mining / Content Retrieval;Journal;B;14;DSE;Data Science and Engineering;CCF/Springer Nature;https://dblp.org/db/journals/dase/index.html;33;2026
Databases / Data Mining / Content Retrieval;Journal;C;1;DPD;Distributed and Parallel Databases;Springer;http://dblp.uni-trier.de/db/journals/dpd/;34;2026
Databases / Data Mining / Content Retrieval;Journal;C;2;I&M;Information & Management;Elsevier;http://dblp.uni-trier.de/db/journals/iam/;34;2026
Databases / Data Mining / Content Retrieval;Journal;C;3;IPL;Information Processing Letters;Elsevier;http://dblp.uni-trier.de/db/journals/ipl/;34;2026
Databases / Data Mining / Content Retrieval;Journal;C;4;(formerly IR);Discover Computing (formerly Information Retrieval Journal);Springer;http://dblp.uni-trier.de/db/journals/ir/;34;2026
Databases / Data Mining / Content Retrieval;Journal;C;5;IJCIS;International Journal of Cooperative Information Systems;World Scientific;http://dblp.uni-trier.de/db/journals/ijcis/;34;2026
Databases / Data Mining / Content Retrieval;Journal;C;6;IJGIS;International Journal of Geographical Information Science;Taylor & Francis;http://dblp.uni-trier.de/db/journals/gis/;34;2026
Databases / Data Mining / Content Retrieval;Journal;C;7;IJIS;International Journal of Intelligent Systems;Wiley;http://dblp.uni-trier.de/db/journals/ijis/;34;2026
Databases / Data Mining / Content Retrieval;Journal;C;8;IJKM;International Journal of Knowledge Management;IGI;http://dblp.uni-trier.de/db/journals/ijkm/;34;2026
Databases / Data Mining / Content Retrieval;Journal;C;9;IJSWIS;International Journal on Semantic Web and Information Systems;IGI;http://dblp.uni-trier.de/db/journals/ijswis/;34;2026
Databases / Data Mining / Content Retrieval;Journal;C;10;JCIS;Journal of Computer Information Systems;IACIS;http://dblp.uni-trier.de/db/journals/jcis/;34;2026
Databases / Data Mining / Content Retrieval;Journal;C;11;JDM;Journal of Database Management;IGI-Global;http://dblp.uni-trier.de/db/journals/jdm/;34;2026
Databases / Data Mining / Content Retrieval;Journal;C;12;JGITM;Journal of Global Information Technology Management;Ivy League Publishing;https://dblp.org/db/journals/jgim/index.html;34;2026
Databases / Data Mining / Content Retrieval;Journal;C;13;JIIS;Journal of Intelligent Information Systems;Springer;http://dblp.uni-trier.de/db/journals/jiis/;34;2026
Databases / Data Mining / Content Retrieval;Journal;C;14;JSIS;The Journal of Strategic Information Systems;Elsevier;http://dblp.uni-trier.de/db/journals/jsis/;34;2026
Databases / Data Mining / Content Retrieval;Journal;C;15;TIST;ACM Transactions on Intelligent Systems and Technology;ACM;https://dblp.uni-trier.de/db/journals/tist/index.html;34;2026
Databases / Data Mining / Content Retrieval;Journal;C;16;TORS;ACM Transactions on Recommender Systems;ACM;https://dblp.uni-trier.de/db/journals/tors/index.html;34;2026
Databases / Data Mining / Content Retrieval;Conference;A;1;SIGMOD;ACM SIGMOD Conference;ACM;http://dblp.uni-trier.de/db/conf/sigmod/;35;2026
Databases / Data Mining / Content Retrieval;Conference;A;2;SIGKDD;ACM SIGKDD Conference on Knowledge Discovery and Data Mining;ACM;http://dblp.uni-trier.de/db/conf/kdd/;35;2026
Databases / Data Mining / Content Retrieval;Conference;A;3;ICDE;IEEE International Conference on Data Engineering;IEEE;http://dblp.uni-trier.de/db/conf/icde/;35;2026
Databases / Data Mining / Content Retrieval;Conference;A;4;SIGIR;International ACM SIGIR Conference on Research and Development in Information Retrieval;ACM;http://dblp.uni-trier.de/db/conf/sigir/;35;2026
Databases / Data Mining / Content Retrieval;Conference;A;5;VLDB;International Conference on Very Large Data Bases;Morgan Kaufmann/ACM;http://dblp.uni-trier.de/db/conf/vldb/;35;2026
Databases / Data Mining / Content Retrieval;Conference;B;1;CIKM;ACM International Conference on Information and Knowledge Management;ACM;http://dblp.uni-trier.de/db/conf/cikm/;36;2026
Databases / Data Mining / Content Retrieval;Conference;B;2;WSDM;ACM International Conference on Web Search and Data Mining;ACM;http://dblp.uni-trier.de/db/conf/wsdm/;36;2026
Databases / Data Mining / Content Retrieval;Conference;B;3;PODS;ACM SIGMOD-SIGACT-SIGAI Symposium on Principles of Database Systems;ACM;http://dblp.uni-trier.de/db/conf/pods/;36;2026
Databases / Data Mining / Content Retrieval;Conference;B;4;DASFAA;International Conference on Database Systems for Advanced Applications;Springer;http://dblp.uni-trier.de/db/conf/dasfaa/;36;2026
Databases / Data Mining / Content Retrieval;Conference;B;5;ECML-PKDD;European Conference on Machine Learning and Principles and Practice of Knowledge Discovery in Databases;Springer;http://dblp.uni-trier.de/db/conf/ecml/;;
Databases / Data Mining / Content Retrieval;Conference;B;6;ISWC;IEEE International Semantic Web Conference;IEEE;http://dblp.uni-trier.de/db/conf/semweb/;36;2026
Databases / Data Mining / Content Retrieval;Conference;B;7;ICDM;IEEE International Conference on Data Mining;IEEE;http://dblp.uni-trier.de/db/conf/icdm/;36;2026
Databases / Data Mining / Content Retrieval;Conference;B;8;ICDT;International Conference on Database Theory;Springer;http://dblp.uni-trier.de/db/conf/icdt/;36;2026
Databases / Data Mining / Content Retrieval;Conference;B;9;EDBT;International Conference on Extending Database Technology;Springer;http://dblp.uni-trier.de/db/conf/edbt/;36;2026
Databases / Data Mining / Content Retrieval;Conference;B;10;CIDR;Conference on Innovative Data Systems Research;Online Proceeding;http://dblp.uni-trier.de/db/conf/cidr/;36;2026
Databases / Data Mining / Content Retrieval;Conference;B;11;SDM;SIAM International Conference on Data Mining;SIAM;http://dblp.uni-trier.de/db/conf/sdm/;36;2026
Databases / Data Mining / Content Retrieval;Conference;B;12;RecSys;ACM Conference on Recommender Systems;ACM;https://dblp.org/db/conf/recsys/index.html;36;2026
Databases / Data Mining / Content Retrieval;Conference;B;13;WISE;Web Information Systems Engineering Conference;Springer;http://dblp.uni-trier.de/db/conf/wise/;36;2026
Databases / Data Mining / Content Retrieval;Conference;C;1;APWeb;Asia Pacific Web Conference;Springer;http://dblp.uni-trier.de/db/conf/apweb/;37;2026
Databases / Data Mining / Content Retrieval;Conference;C;2;DEXA;International Conference on Database and Expert System Applications;Springer;http://dblp.uni-trier.de/db/conf/dexa/;37;2026
Databases / Data Mining / Content Retrieval;Conference;C;3;ECIR;European Conference on Information Retrieval;Springer;http://dblp.uni-trier.de/db/conf/ecir/;37;2026
Databases / Data Mining / Content Retrieval;Conference;C;4;ESWC;Extended Semantic Web Conference;Springer;http://dblp.uni-trier.de/db/conf/esws/;37;2026
Databases / Data Mining / Content Retrieval;Conference;C;5;WebDB;International Workshop on Web and Databases;ACM;http://dblp.uni-trier.de/db/conf/webdb/;37;2026
Databases / Data Mining / Content Retrieval;Conference;C;6;ER;International Conference on Conceptual Modeling;Springer;http://dblp.uni-trier.de/db/conf/er/;37;2026
Databases / Data Mining / Content Retrieval;Conference;C;7;MDM;International Conference on Mobile Data Management;IEEE;http://dblp.uni-trier.de/db/conf/mdm/;37;2026
Databases / Data Mining / Content Retrieval;Conference;C;8;SSDBM;International Conference on Scientific and Statistical Database Management;IEEE;http://dblp.uni-trier.de/db/conf/ssdbm/;37;2026
Databases / Data Mining / Content Retrieval;Conference;C;9;WAIM;International Conference on Web Age Information Management;Springer;http://dblp.uni-trier.de/db/conf/waim/;37;2026
Databases / Data Mining / Content Retrieval;Conference;C;10;SSTD;International Symposium on Spatial and Temporal Databases;Springer;https://dblp.uni-trier.de/db/conf/ssd/index.html;37;2026
Databases / Data Mining / Content Retrieval;Conference;C;11;PAKDD;Pacific-Asia Conference on Knowledge Discovery and Data Mining;Springer;http://dblp.uni-trier.de/db/conf/pakdd/;37;2026
Databases / Data Mining / Content Retrieval;Conference;C;12;ADMA;International Conference on Advanced Data Mining and Applications;Springer;https://dblp.org/db/conf/adma/index.html;37;2026
Databases / Data Mining / Content Retrieval;Conference;C;13;WISA;Web Information Systems and Applications;Springer;https://dblp.uni-trier.de/db/conf/IEEEwisa/index.html;37;2026
Theoretical Computer Science;Journal;A;1;TIT;IEEE Transactions on Information Theory;IEEE;http://dblp.uni-trier.de/db/journals/tit/;38;2026
Theoretical Computer Science;Journal;A;2;IANDC;Information and Computation;Elsevier;http://dblp.uni-trier.de/db/journals/iandc/;38;2026
Theoretical Computer Science;Journal;A;3;SICOMP;SIAM Journal on Computing;SIAM;http://dblp.uni-trier.de/db/journals/siamcomp/;38;2026
Theoretical Computer Science;Journal;B;1;TALG;ACM Transactions on Algorithms;ACM;http://dblp.uni-trier.de/db/journals/talg/;39;2026
Theoretical Computer Science;Journal;B;2;TOCL;ACM Transactions on Computational Logic;ACM;http://dblp.uni-trier.de/db/journals/tocl/;39;2026
Theoretical Computer Science;Journal;B;3;TOMS;ACM Transactions on Mathematical Software;ACM;http://dblp.uni-trier.de/db/journals/toms/;39;2026
Theoretical Computer Science;Journal;B;4;Algorithmica;Algorithmica;Springer;http://dblp.uni-trier.de/db/journals/algorithmica/;39;2026
Theoretical Computer Science;Journal;B;5;CC;Computational Complexity;Springer;http://dblp.uni-trier.de/db/journals/cc/;39;2026
Theoretical Computer Science;Journal;B;6;FAC;Formal Aspects of Computing;Springer;http://dblp.uni-trier.de/db/journals/fac/;39;2026
Theoretical Computer Science;Journal;B;7;FMSD;Formal Methods in System Design;Springer;http://dblp.uni-trier.de/db/journals/fmsd/;39;2026
Theoretical Computer Science;Journal;B;8;INFORMS;INFORMS Journal on Computing;INFORMS;http://dblp.uni-trier.de/db/journals/informs/;39;2026
Theoretical Computer Science;Journal;B;9;JCSS;Journal of Computer and System Sciences;Elsevier;http://dblp.uni-trier.de/db/journals/jcss/;39;2026
Theoretical Computer Science;Journal;B;10;JGO;Journal of Global Optimization;Springer;http://dblp.uni-trier.de/db/journals/jgo/;39;2026
Theoretical Computer Science;Journal;B;11;JSC;Journal of Symbolic Computation;Elsevier;http://dblp.uni-trier.de/db/journals/jsc/;39;2026
Theoretical Computer Science;Journal;B;12;MSCS;Mathematical Structures in Computer Science;Cambridge University Press;http://dblp.uni-trier.de/db/journals/mscs/;39;2026
Theoretical Computer Science;Journal;B;13;TCS;Theoretical Computer Science;Elsevier;http://dblp.uni-trier.de/db/journals/tcs/;39;2026
Theoretical Computer Science;Journal;C;1;ACTA;Acta Informatica;Springer;http://dblp.uni-trier.de/db/journals/acta/;40;2026
Theoretical Computer Science;Journal;C;2;APAL;Annals of Pure and Applied Logic;Elsevier;http://dblp.uni-trier.de/db/journals/apal/;40;2026
Theoretical Computer Science;Journal;C;3;DAM;Discrete Applied Mathematics;Elsevier;http://dblp.uni-trier.de/db/journals/dam/;40;2026
Theoretical Computer Science;Journal;C;4;FUIN;Fundamenta Informaticae;IOS Press;http://dblp.uni-trier.de/db/journals/fuin/;40;2026
Theoretical Computer Science;Journal;C;5;IPL;Information Processing Letters;Elsevier;http://dblp.uni-trier.de/db/journals/ipl/;40;2026
Theoretical Computer Science;Journal;C;6;JCOMPLEXITY;Journal of Complexity;Elsevier;http://dblp.uni-trier.de/db/journals/jc/;40;2026
Theoretical Computer Science;Journal;C;7;LOGCOM;Journal of Logic and Computation;Oxford University Press;http://dblp.uni-trier.de/db/journals/logcom/;40;2026
Theoretical Computer Science;Journal;C;8;JSL;The Journal of Symbolic Logic;Association for Symbolic Logic;http://dblp.uni-trier.de/db/journals/jsyml/;40;2026
Theoretical Computer Science;Journal;C;9;LMCS;Logical Methods in Computer Science;LMCS;http://dblp.uni-trier.de/db/journals/lmcs/;40;2026
Theoretical Computer Science;Journal;C;10;SIDMA;SIAM Journal on Discrete Mathematics;SIAM;http://dblp.uni-trier.de/db/journals/siamdm/;40;2026
Theoretical Computer Science;Journal;C;11;;Theory of Computing Systems;Springer;http://dblp.uni-trier.de/db/journals/mst/;40;2026
Theoretical Computer Science;Journal;C;12;TQC;ACM Transactions in Quantum Computing;ACM;https://dblp.org/db/journals/tqc/index.html;40;2026
Theoretical Computer Science;Conference;A;1;STOC;ACM Symposium on the Theory of Computing;ACM;http://dblp.uni-trier.de/db/conf/stoc/;41;2026
Theoretical Computer Science;Conference;A;2;SODA;ACM-SIAM Symposium on Discrete Algorithms;SIAM;http://dblp.uni-trier.de/db/conf/soda/;41;2026
Theoretical Computer Science;Conference;A;3;CAV;International Conference on Computer Aided Verification;Springer;http://dblp.uni-trier.de/db/conf/cav/;41;2026
Theoretical Computer Science;Conference;A;4;FOCS;IEEE Annual Symposium on Foundations of Computer Science;IEEE;http://dblp.uni-trier.de/db/conf/focs/;41;2026
Theoretical Computer Science;Conference;A;5;LICS;ACM/IEEE Symposium on Logic in Computer Science;IEEE;http://dblp.uni-trier.de/db/conf/lics/;41;2026
Theoretical Computer Science;Conference;B;1;SoCG;International Symposium on Computational Geometry;ACM;https://dblp.uni-trier.de/db/conf/compgeom/index.html;42;2026
Theoretical Computer Science;Conference;B;2;ESA;European Symposium on Algorithms;Springer;http://dblp.uni-trier.de/db/conf/esa/;42;2026
Theoretical Computer Science;Conference;B;3;CCC;Conference on Computational Complexity;IEEE;http://dblp.uni-trier.de/db/conf/coco/;42;2026
Theoretical Computer Science;Conference;B;4;ICALP;International Colloquium on Automata, Languages and Programming;Springer;http://dblp.uni-trier.de/db/conf/icalp/;42;2026
Theoretical Computer Science;Conference;B;5;CADE;Conference on Automated Deduction;Springer;http://dblp.uni-trier.de/db/conf/cade/;42;2026
Theoretical Computer Science;Conference;B;6;CONCUR;International Conference on Concurrency Theory;Springer;http://dblp.uni-trier.de/db/conf/concur/;42;2026
Theoretical Computer Science;Conference;B;7;HSCC;International Conference on Hybrid Systems: Computation and Control;Springer/ACM;http://dblp.uni-trier.de/db/conf/hybrid/;42;2026
Theoretical Computer Science;Conference;B;8;SAT;International Conference on Theory and Applications of Satisfiability Testing;Springer;http://dblp.uni-trier.de/db/conf/sat/;42;2026
Theoretical Computer Science;Conference;B;9;COCOON;International Computing and Combinatorics Conference;Springer;https://dblp.org/db/conf/cocoon/index.html;42;2026
Theoretical Computer Science;Conference;B;10;FMCAD;Formal Methods in Computer-Aided Design;ACM;http://dblp.uni-trier.de/db/conf/fmcad/;42;2026
Theoretical Computer Science;Conference;C;1;CSL;Computer Science Logic;Springer;http://dblp.uni-trier.de/db/conf/csl/;43;2026
Theoretical Computer Science;Conference;C;2;FSTTCS;Foundations of Software Technology and Theoretical Computer Science;Indian Association for Research in Computing Science;http://dblp.uni-trier.de/db/conf/fsttcs/;43;2026
Theoretical Computer Science;Conference;C;3;DSAA;IEEE International Conference on Data Science and Advanced Analytics;IEEE;https://dblp.uni-trier.de/db/conf/dsaa/;43;2026
Theoretical Computer Science;Conference;C;4;ICTAC;International Colloquium on Theoretical Aspects of Computing;Springer;http://dblp.uni-trier.de/db/conf/ictac/;43;2026
Theoretical Computer Science;Conference;C;5;IPCO;International Conference on Integer Programming and Combinatorial Optimization;Springer;http://dblp.uni-trier.de/db/conf/ipco/;43;2026
Theoretical Computer Science;Conference;C;6;FSCD (formerly RTA);International Conference on Formal Structures for Computation and Deduction;Dagstuhl Leibniz LIPIcs;http://dblp.uni-trier.de/db/conf/rta/;43;2026
Theoretical Computer Science;Conference;C;7;ISAAC;International Symposium on Algorithms and Computation;Springer;http://dblp.uni-trier.de/db/conf/isaac/;43;2026
Theoretical Computer Science;Conference;C;8;MFCS;International Conference on Mathematical Foundations of Computer Science;Springer;http://dblp.uni-trier.de/db/conf/mfcs/;43;2026
Theoretical Computer Science;Conference;C;9;STACS;Symposium on Theoretical Aspects of Computer Science;Springer;http://dblp.uni-trier.de/db/conf/stacs/;43;2026
Theoretical Computer Science;Conference;C;10;SETTA;International Symposium on Software Engineering: Theories, Tools, and Applications;Springer;https://dblp.org/db/conf/setta/index.html;43;2026
Computer Graphics and Multimedia;Journal;A;1;TOG;ACM Transactions on Graphics;ACM;http://dblp.uni-trier.de/db/journals/tog/;44;2026
Computer Graphics and Multimedia;Journal;A;2;TIP;IEEE Transactions on Image Processing;IEEE;http://dblp.uni-trier.de/db/journals/tip/;44;2026
Computer Graphics and Multimedia;Journal;A;3;TVCG;IEEE Transactions on Visualization and Computer Graphics;IEEE;http://dblp.uni-trier.de/db/journals/tvcg/;44;2026
Computer Graphics and Multimedia;Journal;A;4;TMM;IEEE Transactions on Multimedia;IEEE;http://dblp.uni-trier.de/db/journals/tmm/;44;2026
Computer Graphics and Multimedia;Journal;B;1;TOMM;ACM Transactions on Multimedia Computing, Communications and Applications;ACM;http://dblp.uni-trier.de/db/journals/tomccap/;45;2026
Computer Graphics and Multimedia;Journal;B;2;CAGD;Computer Aided Geometric Design;Elsevier;http://dblp.uni-trier.de/db/journals/cagd/;45;2026
Computer Graphics and Multimedia;Journal;B;3;CGF;Computer Graphics Forum;Wiley;http://dblp.uni-trier.de/db/journals/cgf/;45;2026
Computer Graphics and Multimedia;Journal;B;4;CAD;Computer-Aided Design;Elsevier;http://dblp.uni-trier.de/db/journals/cad/;45;2026
Computer Graphics and Multimedia;Journal;B;5;TCSVT;IEEE Transactions on Circuits and Systems for Video Technology;IEEE;http://dblp.uni-trier.de/db/journals/tcsv/;45;2026
Computer Graphics and Multimedia;Journal;B;6;JASA;The Journal of the Acoustical Society of America;AIP;http://scitation.aip.org/content/asa/journal/jasa;45;2026
Computer Graphics and Multimedia;Journal;B;7;SIIMS;SIAM Journal on Imaging Sciences;SIAM;http://dblp.uni-trier.de/db/journals/siamis/;45;2026
Computer Graphics and Multimedia;Journal;B;8;SPECOM;Speech Communication;Elsevier;http://dblp.uni-trier.de/db/journals/speech/;45;2026
Computer Graphics and Multimedia;Journal;B;9;CVMJ;Computational Visual Media;Tsinghua University Press/IEEE (formerly Tsinghua University/Springer);https://dblp.org/db/journals/cvm/index.html;45;2026
Computer Graphics and Multimedia;Journal;C;1;CGTA;Computational Geometry: Theory and Applications;Elsevier;http://dblp.uni-trier.de/db/journals/comgeo/;46;2026
Computer Graphics and Multimedia;Journal;C;2;CAVW;Computer animation & virtual worlds;Wiley;https://dblp.org/db/journals/jvca/index.html;46;2026
Computer Graphics and Multimedia;Journal;C;3;C&G;Computers & Graphics;Elsevier;http://dblp.uni-trier.de/db/journals/cg/;46;2026
Computer Graphics and Multimedia;Journal;C;4;DCG;Discrete & Computational Geometry;Springer;http://dblp.uni-trier.de/db/journals/dcg/;46;2026
Computer Graphics and Multimedia;Journal;C;5;SPL;IEEE Signal Processing Letters;IEEE;http://dblp.uni-trier.de/db/journals/spl/;46;2026
Computer Graphics and Multimedia;Journal;C;6;IET-IPR;IET Image Processing;IET;http://dblp.uni-trier.de/db/journals/iet-ipr/;46;2026
Computer Graphics and Multimedia;Journal;C;7;JVCIR;Journal of Visual Communication and Image Representation;Elsevier;http://dblp.uni-trier.de/db/journals/jvcir/;46;2026
Computer Graphics and Multimedia;Journal;C;8;MS;Multimedia Systems;Springer;http://dblp.uni-trier.de/db/journals/mms/;46;2026
Computer Graphics and Multimedia;Journal;C;9;MTA;Multimedia Tools and Applications;Springer;http://dblp.uni-trier.de/db/journals/mta/;46;2026
Computer Graphics and Multimedia;Journal;C;10;SIGPRO;Signal Processing;Elsevier;http://dblp.uni-trier.de/db/journals/sigpro/;46;2026
Computer Graphics and Multimedia;Journal;C;11;IMAGE;Signal Processing: Image Communication;Elsevier;http://dblp.uni-trier.de/db/journals/spic/;46;2026
Computer Graphics and Multimedia;Journal;C;12;TVC;The Visual Computer;Springer;http://dblp.uni-trier.de/db/journals/vc/;46;2026
Computer Graphics and Multimedia;Journal;C;13;VI;Visual Informatics;Zhejiang University Press;https://dblp.uni-trier.de/db/journals/vi/index.html;46;2026
Computer Graphics and Multimedia;Journal;C;14;VRIH;Virtual Reality & Intelligent Hardware;China Science and Technology Press/Beihang University;https://dblp.uni-trier.de/db/journals/vrih/index.html;46;2026
Computer Graphics and Multimedia;Journal;C;15;GMOD;Graphical Models;Elsevier;http://dblp.uni-trier.de/db/journals/cvgip/;46;2026
Computer Graphics and Multimedia;Conference;A;1;ACM MM;ACM International Conference on Multimedia;ACM;http://dblp.uni-trier.de/db/conf/mm/;47;2026
Computer Graphics and Multimedia;Conference;A;2;SIGGRAPH;ACM Special Interest Group on Computer Graphics;ACM;http://dblp.uni-trier.de/db/conf/siggraph/index.html;47;2026
Computer Graphics and Multimedia;Conference;A;3;VR;IEEE Conference on Virtual Reality and 3D User Interfaces (formerly IEEE Virtual Reality);IEEE;http://dblp.uni-trier.de/db/conf/vr/;47;2026
Computer Graphics and Multimedia;Conference;A;4;IEEE VIS;IEEE Visualization Conference;IEEE;http://dblp.uni-trier.de/db/conf/visualization/index.html;47;2026
Computer Graphics and Multimedia;Conference;B;1;ICMR;ACM SIGMM International Conference on Multimedia Retrieval;ACM;http://dblp.uni-trier.de/db/conf/mir/;48;2026
Computer Graphics and Multimedia;Conference;B;2;I3D;ACM SIGGRAPH Symposium on Interactive 3D Graphics and Games;ACM;http://dblp.uni-trier.de/db/conf/si3d/;48;2026
Computer Graphics and Multimedia;Conference;B;3;SCA;ACM SIGGRAPH/Eurographics Symposium on Computer Animation;ACM;http://dblp.uni-trier.de/db/conf/sca/index.html;48;2026
Computer Graphics and Multimedia;Conference;B;4;DCC;Data Compression Conference;IEEE;http://dblp.uni-trier.de/db/conf/dcc/;48;2026
Computer Graphics and Multimedia;Conference;B;5;Eurographics;Annual Conference of the European Association for Computer Graphics;Wiley/Blackwell;http://dblp.uni-trier.de/db/conf/eurographics/;48;2026
Computer Graphics and Multimedia;Conference;B;6;EuroVis;Eurographics Conference on Visualization;ACM;http://dblp.uni-trier.de/db/conf/vissym/;48;2026
Computer Graphics and Multimedia;Conference;B;7;SGP;Eurographics Symposium on Geometry Processing;Wiley/Blackwell;http://dblp.uni-trier.de/db/conf/sgp/;48;2026
Computer Graphics and Multimedia;Conference;B;8;EGSR;Eurographics Symposium on Rendering;Wiley/Blackwell;http://dblp.uni-trier.de/db/conf/rt/;48;2026
Computer Graphics and Multimedia;Conference;B;9;ICASSP;IEEE International Conference on Acoustics, Speech and Signal Processing;IEEE;http://dblp.uni-trier.de/db/conf/icassp/;48;2026
Computer Graphics and Multimedia;Conference;B;10;ICME;IEEE International Conference on Multimedia & Expo;IEEE;http://dblp.uni-trier.de/db/conf/icmcs/;48;2026
Computer Graphics and Multimedia;Conference;B;11;ISMAR;International Symposium on Mixed and Augmented Reality;IEEE/ACM;http://dblp.uni-trier.de/db/conf/ismar/;48;2026
Computer Graphics and Multimedia;Conference;B;12;PG;Pacific Conference onComputer Graphics and Applications;Wiley/Blackwell;http://dblp.uni-trier.de/db/conf/pg/index.html;48;2026
Computer Graphics and Multimedia;Conference;B;13;SPM;Symposium on Solid and Physical Modeling;SMA/Elsevier;http://dblp.uni-trier.de/db/conf/sma/;48;2026
Computer Graphics and Multimedia;Conference;B;14;INTER-SPEECH;Conference of the International Speech Communication Association;ISCA;http://dblp.uni-trier.de/db/conf/interspeech/index.html;48;2026
Computer Graphics and Multimedia;Conference;C;1;VRST;ACM Symposium on Virtual Reality Software and Technology;ACM;http://dblp2.uni-trier.de/db/conf/vrst/;49;2026
Computer Graphics and Multimedia;Conference;C;2;CASAXR (formerly CASA);International Conference on Computer Animation, Social Agents, and Extended Reality (formerly International Conference on Computer Animation and Social Agents);Wiley;http://dblp.uni-trier.de/db/conf/ca/;49;2026
Computer Graphics and Multimedia;Conference;C;3;CGI;Computer Graphics International;Springer;http://dblp.uni-trier.de/db/conf/cgi/;49;2026
Computer Graphics and Multimedia;Conference;C;4;GMP;Geometric Modeling and Processing;Elsevier;http://dblp.uni-trier.de/db/conf/gmp/;49;2026
Computer Graphics and Multimedia;Conference;C;5;PacificVis;IEEE Pacific Visualization Symposium;IEEE;http://dblp.uni-trier.de/db/conf/apvis/;49;2026
Computer Graphics and Multimedia;Conference;C;6;3DV;International Conference on 3D Vision;IEEE;https://dblp.uni-trier.de/db/conf/3dim/;49;2026
Computer Graphics and Multimedia;Conference;C;7;CAD/Graphics;International Conference on Computer-Aided Design and Computer Graphics Processing;IEEE;https://dblp.uni-trier.de/db/conf/cadgraphics/;49;2026
Computer Graphics and Multimedia;Conference;C;8;ICIP;IEEE International Conference on Image Processing;IEEE;http://dblp.uni-trier.de/db/conf/icip/;49;2026
Computer Graphics and Multimedia;Conference;C;9;MMM;International Conference on Multimedia Modeling;Springer;http://dblp.uni-trier.de/db/conf/mmm/index.html;49;2026
Computer Graphics and Multimedia;Conference;C;10;MMAsia;ACM Multimedia Asia;ACM;https://dblp.uni-trier.de/db/conf/mmasia/index.html;49;2026
Computer Graphics and Multimedia;Conference;C;11;SMI;Shape Modeling International;IEEE;http://dblp.uni-trier.de/db/conf/smi/;49;2026
Computer Graphics and Multimedia;Conference;C;12;CVM;Computational Visual Media;Tsinghua University;https://dblp.org/db/conf/cvm/index.html;49;2026
Computer Graphics and Multimedia;Conference;C;13;PRCV;Chinese Conference on Pattern Recognition and Computer Vision;Springer;https://dblp.org/db/conf/prcv/index.html;49;2026
Computer Graphics and Multimedia;Conference;C;14;ICIG;International Conference on Image and Graphics;Springer;https://dblp.uni-trier.de/db/conf/icig/index.html;50;2026
Computer Graphics and Multimedia;Conference;C;15;NCMMSC;National Conference on Man-Machine Speech Communication;CCF/Chinese Information Processing Society of China;https://dblp.uni-trier.de/search?q=NCMMSC;50;2026
Computer Graphics and Multimedia;Conference;C;16;ASRU;Automatic Speech Recognition and Understanding Workshop;IEEE SLTC;https://dblp.uni-trier.de/db/conf/asru/index.html;50;2026
Computer Graphics and Multimedia;Conference;C;17;SLT;Spoken Language Technology;IEEE SLTC;https://dblp.uni-trier.de/db/conf/slt/index.html;50;2026
Artificial Intelligence;Journal;A;1;AI;Artificial Intelligence;Elsevier;http://dblp.uni-trier.de/db/journals/ai/;51;2026
Artificial Intelligence;Journal;A;2;TPAMI;IEEE Transactions on Pattern Analysis and Machine Intelligence;IEEE;http://dblp.uni-trier.de/db/journals/pami/;51;2026
Artificial Intelligence;Journal;A;3;IJCV;International Journal of Computer Vision;Springer;http://dblp.uni-trier.de/db/journals/ijcv/;51;2026
Artificial Intelligence;Journal;A;4;JMLR;Journal of Machine Learning Research;MIT Press;http://dblp.uni-trier.de/db/journals/jmlr/;51;2026
Artificial Intelligence;Journal;B;1;TAP;ACM Transactions on Applied Perception;ACM;http://dblp.uni-trier.de/db/journals/tap/;52;2026
Artificial Intelligence;Journal;B;2;AAMAS;Autonomous Agents and Multi-Agent Systems;Springer;http://dblp.uni-trier.de/db/journals/aamas/;52;2026
Artificial Intelligence;Journal;B;3;;Computational Linguistics;MIT Press;http://dblp.uni-trier.de/db/journals/coling/;52;2026
Artificial Intelligence;Journal;B;4;CVIU;Computer Vision and Image Understanding;Elsevier;http://dblp.uni-trier.de/db/journals/cviu/;52;2026
Artificial Intelligence;Journal;B;5;DKE;Data & Knowledge Engineering;Elsevier;http://dblp.uni-trier.de/db/journals/dke/index.html;52;2026
Artificial Intelligence;Journal;B;6;;Evolutionary Computation;MIT Press;http://dblp.uni-trier.de/db/journals/ec/;52;2026
Artificial Intelligence;Journal;B;7;TAC;IEEE Transactions on Affective Computing;IEEE;http://dblp.uni-trier.de/db/journals/taffco/;52;2026
Artificial Intelligence;Journal;B;8;TASLP;IEEE Transactions on Audio, Speech and Language Processing (formerly IEEE/ACM Transactions on Audio, Speech and Language Processing);IEEE;http://dblp.uni-trier.de/db/journals/taslp/;52;2026
Artificial Intelligence;Journal;B;9;;IEEE Transactions on Cybernetics;IEEE;http://dblp.uni-trier.de/db/journals/tcyb/;52;2026
Artificial Intelligence;Journal;B;10;TEC;IEEE Transactions on Evolutionary Computation;IEEE;http://dblp.uni-trier.de/db/journals/tec/;52;2026
Artificial Intelligence;Journal;B;11;TFS;IEEE Transactions on Fuzzy Systems;IEEE;http://dblp.uni-trier.de/db/journals/tfs/;52;2026
Artificial Intelligence;Journal;B;12;TNNLS;IEEE Transactions on Neural Networks and learning systems;IEEE;http://dblp.uni-trier.de/db/journals/tnn/;52;2026
Artificial Intelligence;Journal;B;13;IJAR;International Journal of Approximate Reasoning;Elsevier;http://dblp.uni-trier.de/db/journals/ijar/;52;2026
Artificial Intelligence;Journal;B;14;JAIR;Journal of Artificial Intelligence Research;AAAI;http://dblp.uni-trier.de/db/journals/jair/index.html;53;2026
Artificial Intelligence;Journal;B;15;;Journal of Automated Reasoning;Springer;http://dblp.uni-trier.de/db/journals/jar/;53;2026
Artificial Intelligence;Journal;B;16;JSLHR;Journal of Speech, Language, and Hearing Research;American Speech-Language Hearing Association;http://jslhr.pubs.asha.org/;53;2026
Artificial Intelligence;Journal;B;17;;Machine Learning;Springer;http://dblp.uni-trier.de/db/journals/ml/;53;2026
Artificial Intelligence;Journal;B;18;;Neural Computation;MIT Press;http://dblp.uni-trier.de/db/journals/neco/;53;2026
Artificial Intelligence;Journal;B;19;;Neural Networks;Elsevier;http://dblp.uni-trier.de/db/journals/nn/;53;2026
Artificial Intelligence;Journal;B;20;PR;Pattern Recognition;Elsevier;http://dblp.uni-trier.de/db/conf/par/;53;2026
Artificial Intelligence;Journal;B;21;TACL;Transactions of the Association for Computational Linguistics;The Association for Computational Linguistics;https://dblp.org/db/journals/tacl/index.html;53;2026
Artificial Intelligence;Journal;C;1;TALLIP;ACM Transactions on Asian and Low-Resource Language Information Processing;ACM;http://dblp.uni-trier.de/db/journals/talip/;54;2026
Artificial Intelligence;Journal;C;2;;Applied Intelligence;Springer;http://dblp.uni-trier.de/db/journals/apin/;54;2026
Artificial Intelligence;Journal;C;3;AIM;Artificial Intelligence in Medicine;Elsevier;http://dblp.uni-trier.de/db/journals/artmed/;54;2026
Artificial Intelligence;Journal;C;4;;Artificial Life;MIT Press;http://dblp.uni-trier.de/db/journals/alife/;54;2026
Artificial Intelligence;Journal;C;5;;Computational Intelligence;Wiley;http://dblp.uni-trier.de/db/journals/ci/;54;2026
Artificial Intelligence;Journal;C;6;;Computer Speech & Language;Elsevier;http://dblp.uni-trier.de/db/journals/csl/;54;2026
Artificial Intelligence;Journal;C;7;;Connection Science;Taylor & Francis;http://dblp.uni-trier.de/db/journals/connection/;54;2026
Artificial Intelligence;Journal;C;8;DSS;Decision Support Systems;Elsevier;http://dblp.uni-trier.de/db/journals/dss/;54;2026
Artificial Intelligence;Journal;C;9;EAAI;Engineering Applications of Artificial Intelligence;Elsevier;http://dblp.uni-trier.de/db/journals/eaai/;54;2026
Artificial Intelligence;Journal;C;10;;Expert Systems;Blackwell/Wiley;http://dblp.uni-trier.de/db/journals/es/;54;2026
Artificial Intelligence;Journal;C;11;ESWA;Expert Systems with Applications;Elsevier;http://dblp.uni-trier.de/db/journals/eswa/;54;2026
Artificial Intelligence;Journal;C;12;;Fuzzy Sets and Systems;Elsevier;http://dblp.uni-trier.de/db/journals/fss/;54;2026
Artificial Intelligence;Journal;C;13;TG;IEEE Transactions on Games;IEEE;http://dblp.uni-trier.de/db/journals/tciaig/;54;2026
Artificial Intelligence;Journal;C;14;IET-CVI;IET Computer Vision;IET;https://dblp.org/db/journals/iet-cvi/index.html;54;2026
Artificial Intelligence;Journal;C;15;;IET Signal Processing;IET;https://dblp.org/db/journals/iet-spr/index.html;54;2026
Artificial Intelligence;Journal;C;16;IVC;Image and Vision Computing;Elsevier;http://dblp.uni-trier.de/db/journals/ivc/;55;2026
Artificial Intelligence;Journal;C;17;IDA;Intelligent Data Analysis;IOS Press;http://dblp.uni-trier.de/db/journals/ida/;55;2026
Artificial Intelligence;Journal;C;18;IJCIA;International Journal of Computational Intelligence and Applications;World Scientific;http://dblp.uni-trier.de/db/journals/ijcia/;55;2026
Artificial Intelligence;Journal;C;19;IJIS;International Journal of Intelligent Systems;Wiley;http://dblp.uni-trier.de/db/journals/ijis/;55;2026
Artificial Intelligence;Journal;C;20;IJNS;International Journal of Neural Systems;World Scientific;http://dblp.uni-trier.de/db/journals/ijns/;55;2026
Artificial Intelligence;Journal;C;21;IJPRAI;International Journal of Pattern Recognition and Artificial Intelligence;World Scientific;http://dblp.uni-trier.de/db/journals/ijprai/;55;2026
Artificial Intelligence;Journal;C;22;IJUFKS;International Journal of Uncertainty, Fuzziness and Knowledge-Based Systems;World Scientific;https://dblp.uni-trier.de/db/journals/ijufks/;55;2026
Artificial Intelligence;Journal;C;23;IJDAR;International Journal on Document Analysis and Recognition;Springer;http://dblp.uni-trier.de/db/journals/ijdar/;55;2026
Artificial Intelligence;Journal;C;24;JETAI;Journal of Experimental and Theoretical Artificial Intelligence;Taylor & Francis;http://dblp.uni-trier.de/db/journals/jetai/;55;2026
Artificial Intelligence;Journal;C;25;KBS;Knowledge-Based Systems;Elsevier;http://dblp.uni-trier.de/db/journals/kbs/;55;2026
Artificial Intelligence;Journal;C;26;;Machine Translation;Springer;http://dblp.uni-trier.de/db/journals/mt/;55;2026
Artificial Intelligence;Journal;C;27;;Machine Vision and Applications;Springer;http://dblp.uni-trier.de/db/journals/mva/;55;2026
Artificial Intelligence;Journal;C;28;;Natural Computing;Springer;http://dblp.uni-trier.de/db/journals/nc/;55;2026
Artificial Intelligence;Journal;C;29;NLE;Natural Language Engineering;Cambridge University Press;http://dblp.uni-trier.de/db/journals/nle/;55;2026
Artificial Intelligence;Journal;C;30;NCA;Neural Computing and Applications;Springer;http://dblp.uni-trier.de/db/journals/nca/;55;2026
Artificial Intelligence;Journal;C;31;NPL;Neural Processing Letters;Springer;http://dblp.uni-trier.de/db/journals/npl/;56;2026
Artificial Intelligence;Journal;C;32;;Neurocomputing;Elsevier;http://dblp.uni-trier.de/db/journals/ijon/;56;2026
Artificial Intelligence;Journal;C;33;PAA;Pattern Analysis and Applications;Springer;http://dblp.uni-trier.de/db/journals/paa/;56;2026
Artificial Intelligence;Journal;C;34;PRL;Pattern Recognition Letters;Elsevier;http://dblp.uni-trier.de/db/journals/prl/;56;2026
Artificial Intelligence;Journal;C;35;;Soft Computing;Springer;http://dblp.uni-trier.de/db/journals/soco/;56;2026
Artificial Intelligence;Journal;C;36;WI;Web Intelligence;IOS Press;http://dblp.uni-trier.de/db/journals/wias/;56;2026
Artificial Intelligence;Journal;C;37;TIIS;ACM Transactions on Interactive Intelligent Systems;ACM;https://dblp.org/db/journals/tiis/index.html;56;2026
Artificial Intelligence;Journal;C;38;TELO;ACM Transactions on Evolutionary Learning and Optimization;ACM;https://dblp.uni-trier.de/db/journals/telo/index.html;56;2026
Artificial Intelligence;Journal;C;39;JATS;ACM Journal on Autonomous Transportation Systems;ACM;;56;2026
Artificial Intelligence;Conference;A;1;AAAI;AAAI Conference on Artificial Intelligence;AAAI;http://dblp.uni-trier.de/db/conf/aaai/;57;2026
Artificial Intelligence;Conference;A;2;NeurIPS;Conference on Neural Information Processing Systems;MIT Press;http://dblp.uni-trier.de/db/conf/nips/;57;2026
Artificial Intelligence;Conference;A;3;ACL;Annual Meeting of the Association for Computational Linguistics;ACL;http://dblp.uni-trier.de/db/conf/acl/;57;2026
Artificial Intelligence;Conference;A;4;CVPR;IEEE/CVF Computer Vision and Pattern Recognition Conference;IEEE;http://dblp.uni-trier.de/db/conf/cvpr/;57;2026
Artificial Intelligence;Conference;A;5;ICCV;International Conference on Computer Vision;IEEE;http://dblp.uni-trier.de/db/conf/iccv/;57;2026
Artificial Intelligence;Conference;A;6;ICML;International Conference on Machine Learning;ACM;http://dblp.uni-trier.de/db/conf/icml/;57;2026
Artificial Intelligence;Conference;A;7;ICLR;International Conference on Learning Representations;OpenReview;https://dblp.uni-trier.de/db/conf/iclr/index.html;57;2026
Artificial Intelligence;Conference;B;1;COLT;Annual Conference on Computational Learning Theory;Springer;http://dblp.uni-trier.de/db/conf/colt/;58;2026
Artificial Intelligence;Conference;B;2;EMNLP;Conference on Empirical Methods in Natural Language Processing;ACL;http://dblp.uni-trier.de/db/conf/emnlp/;58;2026
Artificial Intelligence;Conference;B;3;ECAI;European Conference on Artificial Intelligence;IOS Press;http://dblp.uni-trier.de/db/conf/ecai/;58;2026
Artificial Intelligence;Conference;B;4;ECCV;European Conference on Computer Vision;Springer;http://dblp.uni-trier.de/db/conf/eccv/;58;2026
Artificial Intelligence;Conference;B;5;ICRA;IEEE International Conference on Robotics and Automation;IEEE;http://dblp.uni-trier.de/db/conf/icra/;58;2026
Artificial Intelligence;Conference;B;6;ICAPS;International Conference on Automated Planning and Scheduling;AAAI;https://dblp.uni-trier.de/db/conf/icaps/index.html;58;2026
Artificial Intelligence;Conference;B;7;ICCBR;International Conference on Case-Based Reasoning;Springer;http://dblp.uni-trier.de/db/conf/iccbr/;58;2026
Artificial Intelligence;Conference;B;8;COLING;International Conference on Computational Linguistics;International Committee on Computational Linguistics;http://dblp.uni-trier.de/db/conf/coling/;58;2026
Artificial Intelligence;Conference;B;9;KR;International Conference on Principles of Knowledge Representation and Reasoning;Morgan Kaufmann;http://dblp.uni-trier.de/db/conf/kr/;58;2026
Artificial Intelligence;Conference;B;10;UAI;Conference on Uncertainty in Artificial Intelligence;AUAI;http://dblp.uni-trier.de/db/conf/uai/;58;2026
Artificial Intelligence;Conference;B;11;AAMAS;International Joint Conference on Autonomous Agents and Multi-agent Systems;Springer;https://dblp.uni-trier.de/db/conf/ifaamas/index.html;58;2026
Artificial Intelligence;Conference;B;12;PPSN;Parallel Problem Solving from Nature;Springer;http://dblp.uni-trier.de/db/conf/ppsn/;58;2026
Artificial Intelligence;Conference;B;13;NAACL;North American Chapter of the Association for Computational Linguistics;Association for Computational Linguistics;http://dblp.uni-trier.de/db/conf/naacl/;58;2026
Artificial Intelligence;Conference;B;14;IJCAI;International Joint Conference on Artificial Intelligence;Morgan Kaufmann;http://dblp.uni-trier.de/db/conf/ijcai/;58;2026
Artificial Intelligence;Conference;C;1;AISTATS;International Conference on Artificial Intelligence and Statistics;JMLR;http://dblp.uni-trier.de/db/conf/aistats/;59;2026
Artificial Intelligence;Conference;C;2;ACCV;Asian Conference on Computer Vision;Springer;http://dblp.uni-trier.de/db/conf/accv/;59;2026
Artificial Intelligence;Conference;C;3;ACML;Asian Conference on Machine Learning;JMLR;http://dblp.uni-trier.de/db/conf/acml/;59;2026
Artificial Intelligence;Conference;C;4;BMVC;British Machine Vision Conference;British Machine Vision Association;http://dblp.uni-trier.de/db/conf/bmvc/;59;2026
Artificial Intelligence;Conference;C;5;NLPCC;CCF International Conference on Natural Language Processing and Chinese Computing;Springer;https://dblp.uni-trier.de/db/conf/nlpcc/;59;2026
Artificial Intelligence;Conference;C;6;CoNLL;Conference on Computational Natural Language Learning;Association for Computational Linguistics;http://dblp.uni-trier.de/db/conf/conll;59;2026
Artificial Intelligence;Conference;C;7;GECCO;Genetic and Evolutionary Computation Conference;ACM;http://dblp.uni-trier.de/db/conf/gecco/;59;2026
Artificial Intelligence;Conference;C;8;ICTAI;IEEE International Conference on Tools with Artificial Intelligence;IEEE;http://dblp.uni-trier.de/db/conf/ictai/;59;2026
Artificial Intelligence;Conference;C;9;IROS;IEEE\RSJ International Conference on Intelligent Robots and Systems;IEEE;http://dblp.uni-trier.de/db/conf/iros/;59;2026
Artificial Intelligence;Conference;C;10;ALT;International Conference on Algorithmic Learning Theory;Springer;http://dblp.uni-trier.de/db/conf/alt/;59;2026
Artificial Intelligence;Conference;C;11;ICANN;International Conference on Artificial Neural Networks;Springer;http://dblp.uni-trier.de/db/conf/icann/;59;2026
Artificial Intelligence;Conference;C;12;FG;IEEE International Conference on Automatic Face and Gesture Recognition;IEEE;http://dblp.uni-trier.de/db/conf/fgr/;59;2026
Artificial Intelligence;Conference;C;13;ICDAR;International Conference on Document Analysis and Recognition;IEEE;http://dblp.uni-trier.de/db/conf/icdar/;60;2026
Artificial Intelligence;Conference;C;14;ILP;International Conference on Inductive Logic Programming;Springer;http://dblp.uni-trier.de/db/conf/ilp/;60;2026
Artificial Intelligence;Conference;C;15;KSEM;International conference on Knowledge Science, Engineering and Management;Springer;http://dblp.uni-trier.de/db/conf/ksem/;60;2026
Artificial Intelligence;Conference;C;16;ICONIP;International Conference on Neural Information Processing;Springer;http://dblp.uni-trier.de/db/conf/iconip/;60;2026
Artificial Intelligence;Conference;C;17;ICPR;International Conference on Pattern Recognition;IEEE;http://dblp.uni-trier.de/db/conf/icpr/;60;2026
Artificial Intelligence;Conference;C;18;IJCB;International Joint Conference on Biometrics;IEEE;http://dblp.uni-trier.de/db/conf/icb/;60;2026
Artificial Intelligence;Conference;C;19;IJCNN;International Joint Conference on Neural Networks;IEEE;http://dblp.uni-trier.de/db/conf/ijcnn/;60;2026
Artificial Intelligence;Conference;C;20;PRICAI;Pacific Rim International Conference on Artificial Intelligence;Springer;http://dblp.uni-trier.de/db/conf/pricai/;60;2026
Artificial Intelligence;Conference;C;21;IEEE CEC;Congress on Evolutionary Computation;IEEE;https://dblp.uni-trier.de/db/conf/cec/index.html;60;2026
Artificial Intelligence;Conference;C;22;DAI;International Conference on Distributed Artificial Intelligence;ACM/Springer;https://dblp.uni-trier.de/db/conf/dai2/index.html;60;2026
Human-Computer Interaction and Pervasive Computing;Journal;A;1;TOCHI;ACM Transactions on Computer-Human Interaction;ACM;http://dblp.uni-trier.de/db/journals/tochi/;61;2026
Human-Computer Interaction and Pervasive Computing;Journal;A;2;IJHCS;International Journal of Human-Computer Studies;Elsevier;http://dblp.uni-trier.de/db/journals/ijmms/;61;2026
Human-Computer Interaction and Pervasive Computing;Journal;B;1;CSCW;Computer Supported Cooperative Work;Springer;http://dblp.uni-trier.de/db/journals/cscw/;62;2026
Human-Computer Interaction and Pervasive Computing;Journal;B;2;HCI;Human-Computer Interaction;Taylor & Francis;http://dblp.uni-trier.de/db/journals/hhci/;62;2026
Human-Computer Interaction and Pervasive Computing;Journal;B;3;;IEEE Transactions on Human-Machine Systems;IEEE;http://dblp.uni-trier.de/db/journals/thms/;62;2026
Human-Computer Interaction and Pervasive Computing;Journal;B;4;IWC;Interacting with Computers;Oxford University Press;http://dblp.uni-trier.de/db/journals/iwc/;62;2026
Human-Computer Interaction and Pervasive Computing;Journal;B;5;IJHCI;International Journal of Human-Computer Interaction;Taylor & Francis;http://dblp.uni-trier.de/db/journals/ijhci/;62;2026
Human-Computer Interaction and Pervasive Computing;Journal;B;6;UMUAI;User Modeling and User-Adapted Interaction;Springer;http://dblp.uni-trier.de/db/journals/umuai/;62;2026
Human-Computer Interaction and Pervasive Computing;Journal;B;7;TSMC;IEEE Transactions on Systems, Man,and Cybernetics: Systems;IEEE;https://dblp.org/db/journals/tsmc/tsmc12.html;62;2026
Human-Computer Interaction and Pervasive Computing;Journal;B;8;CCF TPCI;CCF Transactions on Pervasive Computing and Interaction;CCF/Springer;https://dblp.uni-trier.de/db/journals/ccftpci/index.html;62;2026
Human-Computer Interaction and Pervasive Computing;Journal;C;1;BIT;Behaviour & Information Technology;Taylor & Francis;http://dblp.uni-trier.de/db/journals/behaviourIT/;63;2026
Human-Computer Interaction and Pervasive Computing;Journal;C;2;PUC;Personal and Ubiquitous Computing;Springer;http://dblp.uni-trier.de/db/journals/puc/;63;2026
Human-Computer Interaction and Pervasive Computing;Journal;C;3;PMC;Pervasive and Mobile Computing;Elsevier;http://dblp.uni-trier.de/db/journals/percom/;63;2026
Human-Computer Interaction and Pervasive Computing;Journal;C;4;PACMHCI;Proceedings of the ACM on Human-Computer Interaction;ACM;https://dblp.org/db/journals/pacmhci/index.html;63;2026
Human-Computer Interaction and Pervasive Computing;Journal;C;5;THRI;ACM Transactions on Human-Robot Interaction;ACM;https://dblp.uni-trier.de/db/journals/thri/index.html;63;2026
Human-Computer Interaction and Pervasive Computing;Conference;A;1;CSCW;ACM Conference On Computer-Supported Cooperative Work And Social Computing;ACM;http://dblp.uni-trier.de/db/conf/cscw;64;2026
Human-Computer Interaction and Pervasive Computing;Conference;A;2;CHI;ACM Conference on Human Factors in Computing Systems;ACM;http://dblp.uni-trier.de/db/conf/chi;64;2026
Human-Computer Interaction and Pervasive Computing;Conference;A;3;UbiComp;ACM international joint conference on Pervasive and Ubiquitous Computing;ACM;https://dblp.uni-trier.de/db/conf/huc/;64;2026
Human-Computer Interaction and Pervasive Computing;Conference;A;4;UIST;ACM Symposium on User Interface Software and Technology;ACM;http://dblp.uni-trier.de/db/conf/uist/;64;2026
Human-Computer Interaction and Pervasive Computing;Conference;B;1;GROUP;ACM International Conference on Supporting Group Work;ACM;http://dblp.uni-trier.de/db/conf/group/;65;2026
Human-Computer Interaction and Pervasive Computing;Conference;B;2;IUI;ACM International Conference on Intelligent User Interfaces;ACM;http://dblp.uni-trier.de/db/conf/iui/;65;2026
Human-Computer Interaction and Pervasive Computing;Conference;B;3;ISS;ACM International Conference on Interactive Surfaces and Spaces;ACM;http://dblp.uni-trier.de/db/conf/tabletop/;65;2026
Human-Computer Interaction and Pervasive Computing;Conference;B;4;ECSCW;European Conference on Computer Supported Cooperative Work;Springer;http://dblp.uni-trier.de/db/conf/ecscw/;65;2026
Human-Computer Interaction and Pervasive Computing;Conference;B;5;PERCOM;IEEE International Conference on Pervasive Computing and Communications;IEEE;http://dblp.uni-trier.de/db/conf/percom/;65;2026
Human-Computer Interaction and Pervasive Computing;Conference;B;6;MobileHCI;ACM International Conference on Mobile Human-Computer Interaction;ACM;http://dblp.uni-trier.de/db/conf/mhci/;65;2026
Human-Computer Interaction and Pervasive Computing;Conference;B;7;ICWSM;The International AAAI Conference on Web and Social Media;AAAI;https://dblp.org/db/conf/icwsm/index.html;65;2026
Human-Computer Interaction and Pervasive Computing;Conference;C;1;DIS;ACM SIGCHI Conference on Designing Interactive Systems;ACM;http://dblp.uni-trier.de/db/conf/ACMdis;66;2026
Human-Computer Interaction and Pervasive Computing;Conference;C;2;ICMI;ACM International Conference on Multimodal Interaction;ACM;http://dblp.uni-trier.de/db/conf/icmi/;66;2026
Human-Computer Interaction and Pervasive Computing;Conference;C;3;ASSETS;International ACM SIGACCESS Conference on Computers and Accessibility;ACM;http://dblp.uni-trier.de/db/conf/assets;66;2026
Human-Computer Interaction and Pervasive Computing;Conference;C;4;GI;Graphics Interface;ACM;http://dblp.uni-trier.de/db/conf/graphicsinterface/;66;2026
Human-Computer Interaction and Pervasive Computing;Conference;C;5;UIC;IEEE International Conference on Ubiquitous Intelligence and Computing;IEEE;http://dblp.uni-trier.de/db/conf/uic/;66;2026
Human-Computer Interaction and Pervasive Computing;Conference;C;6;;IEEE World Haptics Conference;IEEE;http://dblp.uni-trier.de/db/conf/haptics/;66;2026
Human-Computer Interaction and Pervasive Computing;Conference;C;7;INTERACT;International Conference on Human-Computer Interaction of International Federation for Information Processing;IFIP;http://dblp.uni-trier.de/db/conf/interact/;66;2026
Human-Computer Interaction and Pervasive Computing;Conference;C;8;IDC;ACM Interaction Design and Children;ACM;http://dblp.uni-trier.de/db/conf/acmidc/;66;2026
Human-Computer Interaction and Pervasive Computing;Conference;C;9;CollaborateCom;International Conference on Collaborative Computing: Networking, Applications and Worksharing;Springer;https://dblp.uni-trier.de/db/conf/colcom/;66;2026
Human-Computer Interaction and Pervasive Computing;Conference;C;10;CSCWD;International Conference on Computer Supported Cooperative Work in Design;Springer;http://dblp.uni-trier.de/db/conf/cscwd/;66;2026
Human-Computer Interaction and Pervasive Computing;Conference;C;11;CoopIS;International Conference on Cooperative Information Systems;Springer;http://dblp.uni-trier.de/db/conf/coopis/;66;2026
Human-Computer Interaction and Pervasive Computing;Conference;C;12;MobiQuitous;International Conference on Mobile and Ubiquitous Systems: Computing, Networking and Services;Springer;http://dblp.uni-trier.de/db/conf/mobiquitous/;66;2026
Human-Computer Interaction and Pervasive Computing;Conference;C;13;AVI;International Working Conference on Advanced Visual Interfaces;ACM;http://dblp.uni-trier.de/db/conf/avi/;66;2026
Human-Computer Interaction and Pervasive Computing;Conference;C;14;GPC;Conference on Green, Pervasive and Cloud Computing;Springer;https://dblp.uni-trier.de/db/conf/gpc/index.html;66;2026
Human-Computer Interaction and Pervasive Computing;Conference;C;15;ICXR;CCF International Conference on Extended Reality;Springer;https://dblp.uni-trier.de/db/conf/icxr/index.html;66;2026
Interdisciplinary / General / Emerging Areas;Journal;A;1;JACM;Journal of the ACM;ACM;http://dblp.uni-trier.de/db/journals/jacm/;67;2026
Interdisciplinary / General / Emerging Areas;Journal;A;2;Proc. IEEE;Proceedings of the IEEE;IEEE;http://dblp.uni-trier.de/db/journals/pieee/;67;2026
Interdisciplinary / General / Emerging Areas;Journal;A;3;SCIS;Science China Information Sciences;Science in China Press/Springer;http://dblp.uni-trier.de/db/journals/chinaf/;67;2026
Interdisciplinary / General / Emerging Areas;Journal;A;4;Bioinformatics;Bioinformatics;Oxford University Press;http://dblp.uni-trier.de/db/journals/bioinformatics/;67;2026
Interdisciplinary / General / Emerging Areas;Journal;B;1;;Briefings in Bioinformatics;Oxford University Press;http://dblp.uni-trier.de/db/journals/bib/;68;2026
Interdisciplinary / General / Emerging Areas;Journal;B;2;Cognition;Cognition;Elsevier;http://www.journals.elsevier.com/cognition/;68;2026
Interdisciplinary / General / Emerging Areas;Journal;B;3;TASAE;IEEE Transactions on Automation Science and Engineering;IEEE;http://dblp.uni-trier.de/db/journals/tase/;68;2026
Interdisciplinary / General / Emerging Areas;Journal;B;4;TGARS;IEEE Transactions on Geoscience and Remote Sensing;IEEE;http://dblp.uni-trier.de/db/journals/tgrs/;68;2026
Interdisciplinary / General / Emerging Areas;Journal;B;5;TITS;IEEE Transactions on Intelligent Transportation Systems;IEEE;http://dblp.uni-trier.de/db/journals/tits/;68;2026
Interdisciplinary / General / Emerging Areas;Journal;B;6;TMI;IEEE Transactions on Medical Imaging;IEEE;http://dblp.uni-trier.de/db/journals/tmi/;68;2026
Interdisciplinary / General / Emerging Areas;Journal;B;7;TR;IEEE Transactions on Robotics;IEEE;http://dblp.uni-trier.de/db/journals/trob/;68;2026
Interdisciplinary / General / Emerging Areas;Journal;B;8;TCBB;IEEE/ACM Transactions on Computational Biology and Bioinformatics;IEEE/ACM;http://dblp.uni-trier.de/db/journals/tcbb/;68;2026
Interdisciplinary / General / Emerging Areas;Journal;B;9;JCST;Journal of Computer Science and Technology;SCIENCE PRESS/Springer;http://dblp.uni-trier.de/db/journals/jcst/;68;2026
Interdisciplinary / General / Emerging Areas;Journal;B;10;JAMIA;Journal of the American Medical Informatics Association;BMJ Journals;http://dblp.uni-trier.de/db/journals/jamia/;68;2026
Interdisciplinary / General / Emerging Areas;Journal;B;11;;PLOS Computational Biology;Public Library of Science;http://dblp.uni-trier.de/db/journals/ploscb/;68;2026
Interdisciplinary / General / Emerging Areas;Journal;B;12;;The Computer Journal;Oxford University Press;http://dblp.uni-trier.de/db/journals/cj/;68;2026
Interdisciplinary / General / Emerging Areas;Journal;B;13;WWW;World Wide Web;Springer;https://dblp.org/db/journals/www/index.html;68;2026
Interdisciplinary / General / Emerging Areas;Journal;B;14;FCS;Frontiers of Computer Science;Higher Education Press;http://dblp.uni-trier.de/db/journals/fcsc/;68;2026
Interdisciplinary / General / Emerging Areas;Journal;B;15;BCRA;Blockchain: Research and Applications;Zhejiang University Press/Elsevier;https://dblp.uni-trier.de/search?q=BCRA;68;2026
Interdisciplinary / General / Emerging Areas;Journal;C;1;;BMC Bioinformatics;BioMed Central;http://dblp.uni-trier.de/db/journals/bmcbi/;69;2026
Interdisciplinary / General / Emerging Areas;Journal;C;2;;Cybernetics and Systems;Taylor & Francis;http://dblp.uni-trier.de/db/journals/cas/;69;2026
Interdisciplinary / General / Emerging Areas;Journal;C;3;;IEEE Geoscience and Remote Sensing Letters;IEEE;http://dblp.uni-trier.de/db/journals/lgrs/;69;2026
Interdisciplinary / General / Emerging Areas;Journal;C;4;JBHI;IEEE Journal of Biomedical and Health Informatics;IEEE;http://dblp.uni-trier.de/db/journals/titb/;69;2026
Interdisciplinary / General / Emerging Areas;Journal;C;5;TBD;IEEE Transactions on Big Data;IEEE;https://dblp.uni-trier.de/db/journals/tbd/;69;2026
Interdisciplinary / General / Emerging Areas;Journal;C;6;;IET Intelligent Transport Systems;IET;http://digital-library.theiet.org/content/journals/iet-its;69;2026
Interdisciplinary / General / Emerging Areas;Journal;C;7;JBI;Journal of Biomedical Informatics;Elsevier;https://dblp.uni-trier.de/db/journals/jbi/;69;2026
Interdisciplinary / General / Emerging Areas;Journal;C;8;;Medical Image Analysis;Elsevier;http://dblp.uni-trier.de/db/journals/mia/;69;2026
Interdisciplinary / General / Emerging Areas;Journal;C;9;TII;IEEE Transactions on Industrial Informatics;IEEE;https://dblp.org/db/journals/tii/index.html;69;2026
Interdisciplinary / General / Emerging Areas;Journal;C;10;TCPS;ACM Transactions on Cyber-Physical Systems;ACM;https://dblp.org/db/journals/tcps/index.html;69;2026
Interdisciplinary / General / Emerging Areas;Journal;C;11;TOCE;ACM Transactions on Computing Education;ACM;https://dblp.org/db/journals/jeric/index.html;69;2026
Interdisciplinary / General / Emerging Areas;Journal;C;12;EITEE (formerly FITEE);ENGINEERING Information Technology & Electronic Engineering (formerly Frontiers of Information Technology & Electronic Engineering);Zhejiang University Press (formerly Springer);https://www.academax.com/EITEE/home;69;2026
Interdisciplinary / General / Emerging Areas;Journal;C;13;TCSS;IEEE Transactions on Computational Social Systems;IEEE;https://dblp.org/db/journals/tcss/index.html;69;2026
Interdisciplinary / General / Emerging Areas;Journal;C;14;;IEEE Transactions on Reliability;IEEE;https://dblp.org/db/journals/tr/index.html;69;2026
Interdisciplinary / General / Emerging Areas;Journal;C;15;HEALTH;ACM Transactions on Computing for Healthcare;ACM;https://dblp.uni-trier.de/db/journals/health/index.html;69;2026
Interdisciplinary / General / Emerging Areas;Journal;C;16;ACM DLT;ACM Distributed Ledger Technologies: Research and Practice;ACM;https://dblp.uni-trier.de/db/journals/distribledger/index.html;69;2026
Interdisciplinary / General / Emerging Areas;Conference;A;1;WWW;The Web Conference (formerly International World Wide Web Conference);ACM;http://dblp.uni-trier.de/db/conf/www/;70;2026
Interdisciplinary / General / Emerging Areas;Conference;A;2;RTSS;IEEE Real-Time Systems Symposium;IEEE;http://dblp.uni-trier.de/db/conf/rtss/;70;2026
Interdisciplinary / General / Emerging Areas;Conference;B;1;CogSci;Annual Meeting of the Cognitive Science Society;Psychology Press;https://dblp.uni-trier.de/db/conf/cogsci/;71;2026
Interdisciplinary / General / Emerging Areas;Conference;B;2;BIBM;IEEE International Conference on Bioinformatics and Biomedicine;IEEE;http://dblp.uni-trier.de/db/conf/bibm/;71;2026
Interdisciplinary / General / Emerging Areas;Conference;B;3;EMSOFT;International Conference on Embedded Software;IEEE/ACM/IFIP;http://dblp.uni-trier.de/db/conf/emsoft/;71;2026
Interdisciplinary / General / Emerging Areas;Conference;B;4;ISMB;International conference on Intelligent Systems for Molecular Biology;Oxford Journals;https://dblp.org/db/conf/ismb/index.html;71;2026
Interdisciplinary / General / Emerging Areas;Conference;B;5;RECOMB;Annual International Conference on Research in Computational Molecular Biology;Springer;http://dblp.uni-trier.de/db/conf/recomb/;71;2026
Interdisciplinary / General / Emerging Areas;Conference;B;6;MICCAI;International Conference on Medical Image Computing and Computer-Assisted Intervention;Springer;https://dblp.org/db/conf/miccai/index.html;71;2026
Interdisciplinary / General / Emerging Areas;Conference;B;7;WINE;Conference on Web and Internet Economics;Springer;https://dblp.org/db/conf/wine/index.html;71;2026
Interdisciplinary / General / Emerging Areas;Conference;C;1;AMIA;American Medical Informatics Association Annual Symposium;AMIA;http://dblp.uni-trier.de/db/conf/amia/;72;2026
Interdisciplinary / General / Emerging Areas;Conference;C;2;APBC;Asia Pacific Bioinformatics Conference;BioMed Central;http://dblp.uni-trier.de/db/conf/apbc/;72;2026
Interdisciplinary / General / Emerging Areas;Conference;C;3;IEEE BigData;IEEE International Conference on Big Data;IEEE;https://dblp.uni-trier.de/db/conf/bigdataconf/;72;2026
Interdisciplinary / General / Emerging Areas;Conference;C;4;IEEE CLOUD;IEEE International Conference on Cloud Computing;IEEE;http://dblp.uni-trier.de/db/conf/IEEEcloud/;72;2026
Interdisciplinary / General / Emerging Areas;Conference;C;5;SMC;IEEE International Conference on Systems, Man, and Cybernetics;IEEE;https://dblp.uni-trier.de/db/conf/smc/;72;2026
Interdisciplinary / General / Emerging Areas;Conference;C;6;COSIT;International Conference on Spatial Information Theory;ACM;http://dblp.uni-trier.de/db/conf/cosit/;72;2026
Interdisciplinary / General / Emerging Areas;Conference;C;7;ISBRA;International Symposium on Bioinformatics Research and Applications;Springer;https://dblp.uni-trier.de/db/conf/isbra/;72;2026
Interdisciplinary / General / Emerging Areas;Conference;C;8;SAGT;International Symposium on Algorithmic Game Theory;Springer;https://dblp.org/db/conf/sagt/index.html;72;2026
Interdisciplinary / General / Emerging Areas;Conference;C;9;SIGSPATIAL;ACM Special Interest Group on Spatial Information;ACM;https://dblp.org/db/journals/sigspatial/index.html;72;2026
Interdisciplinary / General / Emerging Areas;Conference;C;10;ICIC;International Conference on Intelligent Computing;Springer-Nature;https://dblp.org/db/conf/icic/index.html;72;2026
Interdisciplinary / General / Emerging Areas;Conference;C;11;ICSS;International Conference on Service Science;CCF/Springer;https://dblp.uni-trier.de/db/conf/service/index.html;72;2026
Interdisciplinary / General / Emerging Areas;Conference;C;12;AFT;Advances in Financial Technologies;Springer;https://dblp.uni-trier.de/db/conf/aft/index.html;72;2026
Interdisciplinary / General / Emerging Areas;Conference;C;13;IJTCS-FAW;International Joint Conference on Theoretical Computer Science -Frontier of Algorithmic Wisdom;Springer;https://dblp.uni-trier.de/db/conf/faw/index.html;72;2026